source,kind,member,sha256,packaged_path,status
the-final-decision-v7-working.zip (previous working package),working_package_member,.gitignore,5ed259eeea458683da33850a003cad867014951687bc5154dec067f6adcb741b,.gitignore,already_present_exact_bytes
the-final-decision-v7-working.zip (previous working package),working_package_member,01-bible/bible.md,cf720e002adacd392da8f230fbe6c3f3f46de6fcb6c9fd389bccc9dcaeecf9dc,99-archive/pre-nonhuman-ark-proposal-reference/01-bible/bible.md,already_present_exact_bytes
the-final-decision-v7-working.zip (previous working package),working_package_member,02-book-one/book-one-paradise-v2.md,86495a159014369b715a8d6d79102f11144d14731b31aa0a14ec468166edadd2,02-book-one/book-one-paradise-v2.md,already_present_exact_bytes
the-final-decision-v7-working.zip (previous working package),working_package_member,02-book-one/book-one-paradise-v2.pdf,4a2b08d9cce4ba223fc5a1c03a7cf7bd93fac6891d1d7ca7032d63c6c2990129,02-book-one/book-one-paradise-v2.pdf,already_present_exact_bytes
the-final-decision-v7-working.zip (previous working package),working_package_member,02-book-one/book-one-paradise-v3.md,654f3ce6894a0ca79f83c79c46ec2fed99c33fc69b88f07d7e1a2e4c72903590,02-book-one/book-one-paradise-v3.md,already_present_exact_bytes
the-final-decision-v7-working.zip (previous working package),working_package_member,02-book-one/book-one-paradise-v3.pdf,84c9f2bfeb9bd866c446e534b7a51e7c8429ddc9f45f6fa04333dfeb3eabcbc6,02-book-one/book-one-paradise-v3.pdf,already_present_exact_bytes
the-final-decision-v7-working.zip (previous working package),working_package_member,02-book-one/book-one-paradise-v4.md,857450819083bc6424b1a0badb0550c18285082caf134d5b2539c59aff778721,02-book-one/book-one-paradise-v4.md,already_present_exact_bytes
the-final-decision-v7-working.zip (previous working package),working_package_member,02-book-one/book-one-paradise-v4.pdf,045e203d7dc602979ccfb38c835705dcc8a19d67d2e94dadc172246eff282869,02-book-one/book-one-paradise-v4.pdf,already_present_exact_bytes
the-final-decision-v7-working.zip (previous working package),working_package_member,02-book-one/book-one-paradise-v5.md,a6bd4771632300de92cdd0864c355edc2075f8457e35eb6676f2476023bda7d2,02-book-one/book-one-paradise-v5.md,already_present_exact_bytes
the-final-decision-v7-working.zip (previous working package),working_package_member,02-book-one/book-one-paradise-v5.pdf,71488573ca566436ef1a4c48bb159a6b2d0d84dccbbc22806212e00036d78c41,02-book-one/book-one-paradise-v5.pdf,already_present_exact_bytes
the-final-decision-v7-working.zip (previous working package),working_package_member,02-book-one/book-one-paradise-v6.md,fcdb5258bfe5f57244a24c694a94eb8071e84d2895fc3d880720fecc43a20150,02-book-one/book-one-paradise-v6.md,already_present_exact_bytes
the-final-decision-v7-working.zip (previous working package),working_package_member,02-book-one/book-one-paradise-v6.pdf,d17118f70bc054a94463fb9ae2dd65fefc7fc384715a96819fb6320c1ee151da,02-book-one/book-one-paradise-v6.pdf,already_present_exact_bytes
the-final-decision-v7-working.zip (previous working package),working_package_member,02-book-one/book-one-paradise-v7-working.md,488c06b7caef56825e22ed88e3373158afe9b710cfb4bf44ec6d38d3e97662a3,02-book-one/book-one-paradise-v7-working.md,already_present_exact_bytes
the-final-decision-v7-working.zip (previous working package),working_package_member,02-book-one/book-one-paradise.md,ca6e0f154605c0c949d1d130eb8d93ce916182ba5e4e6411d8f51d09c23747b0,02-book-one/book-one-paradise.md,already_present_exact_bytes
the-final-decision-v7-working.zip (previous working package),working_package_member,02-book-one/book-one-paradise.pdf,32c361ab265a3a6a8c3af2c609b6a9b5388dead511c891e9ce3db87bb7bfa976,02-book-one/book-one-paradise.pdf,already_present_exact_bytes
the-final-decision-v7-working.zip (previous working package),working_package_member,03-screen/crossing-sequence.md,9f3d6a4db25ccc5d9e9c0010c44fa7c8eccd7559697ea3656c67eee9ddd5af9a,03-screen/crossing-sequence.md,already_present_exact_bytes
the-final-decision-v7-working.zip (previous working package),working_package_member,03-screen/pilot-and-pitch.md,f6a2a35538a948c6e2d5207c8675d4a75c86102b4a8231f6d35ee4397ae58fc9,03-screen/pilot-and-pitch.md,already_present_exact_bytes
the-final-decision-v7-working.zip (previous working package),working_package_member,04-characters/character-sheets.md,15e94c956df1fbceb049d9e79433a67de204e6e448bd1c3f674ca047824c4a9f,04-characters/character-sheets.md,already_present_exact_bytes
the-final-decision-v7-working.zip (previous working package),working_package_member,04-characters/v6-character-profiles-2026-09-23.md,b3a64c0a821747c8291ec839d63ab8da7fc858323a6673c01ad6ae705c771995,04-characters/v6-character-profiles-2026-09-23.md,already_present_exact_bytes
the-final-decision-v7-working.zip (previous working package),working_package_member,05-art/laniakea-tree.png,9fe7c4268f25209f014bb3561ed78bebfb680ca2119da8ace99a6202241e4552,05-art/laniakea-tree.png,already_present_exact_bytes
the-final-decision-v7-working.zip (previous working package),working_package_member,06-development-notes/README.md,ea7adc88f31e1720b254514a23d120c1c66bbf56390550d4629dbce4f3683267,06-development-notes/README.md,already_present_exact_bytes
the-final-decision-v7-working.zip (previous working package),working_package_member,06-development-notes/author-clarifications-2026-09-22.md,3c6a09ab0eac7047a14fca37d88d4a9fbb0d6c0f72f90490e934e5af4ca993ca,06-development-notes/author-clarifications-2026-09-22.md,already_present_exact_bytes
the-final-decision-v7-working.zip (previous working package),working_package_member,06-development-notes/book-one-paradise-v3-review-2026-09-23.md,0563ae8301dc618739d14dcd423118b51e2c70a58f5a1c58c1aa50ba420e0e0b,06-development-notes/book-one-paradise-v3-review-2026-09-23.md,already_present_exact_bytes
the-final-decision-v7-working.zip (previous working package),working_package_member,06-development-notes/book-three-seeding-and-successor-arks-2026-09-24.md,0c7fd68affb7b254f01f1dcf4c5985c79d189019f7b2576d4ef70a2624e2790c,06-development-notes/book-three-seeding-and-successor-arks-2026-09-24.md,already_present_exact_bytes
the-final-decision-v7-working.zip (previous working package),working_package_member,06-development-notes/consciousness-preservation-and-renewal-2026-09-24.md,9e132a340e0df7c22bc45fb82cfa084692999e121e4399ed1b4dc5cba6e307be,06-development-notes/consciousness-preservation-and-renewal-2026-09-24.md,already_present_exact_bytes
the-final-decision-v7-working.zip (previous working package),working_package_member,06-development-notes/current-plot-summary-books-one-and-two.md,0a8036a16aa0d58116080fdb20e46ab5af3090cc9171850f034269f1e1621abc,06-development-notes/current-plot-summary-books-one-and-two.md,already_present_exact_bytes
the-final-decision-v7-working.zip (previous working package),working_package_member,06-development-notes/draft-1-editorial-review.md,4af020e29ec182ce83b94a7bd01ec6500399a1cd1703c0e93c731bb6284488ed,06-development-notes/draft-1-editorial-review.md,already_present_exact_bytes
the-final-decision-v7-working.zip (previous working package),working_package_member,06-development-notes/philosophy-scene-map-and-progress-2026-09-24.md,0bfd65ff60600bf1b5d47a32ccc5692c2aecc3293df44b3296588072ad5c3cfd,06-development-notes/philosophy-scene-map-and-progress-2026-09-24.md,already_present_exact_bytes
the-final-decision-v7-working.zip (previous working package),working_package_member,06-development-notes/plot-clarifications-and-mystery-boundaries-2026-09-22.md,5385ec4c8a9a0c3007a3476e28940c3aa09b94a754e11451e52891f9bc5b79de,06-development-notes/plot-clarifications-and-mystery-boundaries-2026-09-22.md,already_present_exact_bytes
the-final-decision-v7-working.zip (previous working package),working_package_member,06-development-notes/post-v4-author-notes-2026-09-23.md,0f51988a48e6173c4f5868260fa72742ec679d49ef79548fb009fef3c1d79afc,06-development-notes/post-v4-author-notes-2026-09-23.md,already_present_exact_bytes
the-final-decision-v7-working.zip (previous working package),working_package_member,06-development-notes/provisional-design-notes-longevity-reality-ark.md,b9f539fec11bed8637671c0be1fa5a292d956d738d23420b8e6df3b5ef098092,06-development-notes/provisional-design-notes-longevity-reality-ark.md,already_present_exact_bytes
the-final-decision-v7-working.zip (previous working package),working_package_member,06-development-notes/review-and-open-items-2026-09-22.md,e38883a960b5c9433d5644e62fab7ec71d6a7dd13f8b2653c9dee24762ba7e66,06-development-notes/review-and-open-items-2026-09-22.md,already_present_exact_bytes
the-final-decision-v7-working.zip (previous working package),working_package_member,06-development-notes/the-final-decision-cover-line-2026-09-24.md,977c7ac4f5d955522fdfffbdac6bf9cf6276eb93d408b161f42a3ba9cd24637a,06-development-notes/the-final-decision-cover-line-2026-09-24.md,already_present_exact_bytes
the-final-decision-v7-working.zip (previous working package),working_package_member,06-development-notes/v4-revision-notes-2026-09-23.md,61326df34a8f2790a3d754ccca4560ff2f59edb1e960ca3113868d2b5dc79654,06-development-notes/v4-revision-notes-2026-09-23.md,already_present_exact_bytes
the-final-decision-v7-working.zip (previous working package),working_package_member,06-development-notes/v5-revision-notes-2026-09-23.md,f5044f95b9fb5a0c527f0f1ed138d3aa2f5ed1430b6c99a17f3c2c82bdd5f4db,06-development-notes/v5-revision-notes-2026-09-23.md,already_present_exact_bytes
the-final-decision-v7-working.zip (previous working package),working_package_member,06-development-notes/v6-chapter-and-clue-outline-2026-09-24.md,eb5eee87a3c8f1da1506f5706209d83c112c15b1b3ce3cf93318d0dbffdf73fd,06-development-notes/v6-chapter-and-clue-outline-2026-09-24.md,already_present_exact_bytes
the-final-decision-v7-working.zip (previous working package),working_package_member,06-development-notes/v6-contact-strategy-2026-09-24.md,0a03a11f5eb8c7f2be7e7a1ef3d6074d73b43eb0caf163ba91ce38220858de81,06-development-notes/v6-contact-strategy-2026-09-24.md,already_present_exact_bytes
the-final-decision-v7-working.zip (previous working package),working_package_member,06-development-notes/v6-daniels-letter-2026-09-23.md,17955faa5cb6d1b1930c60a8ffef66ea69a7c675a704872b495a51eb91ca630e,06-development-notes/v6-daniels-letter-2026-09-23.md,already_present_exact_bytes
the-final-decision-v7-working.zip (previous working package),working_package_member,06-development-notes/v6-development-path-2026-09-23.md,5cd191c3d438db56d313b81e51174f469773427d7460eb33f812a1c8612bf50d,06-development-notes/v6-development-path-2026-09-23.md,already_present_exact_bytes
the-final-decision-v7-working.zip (previous working package),working_package_member,06-development-notes/v6-external-review-assessment-2026-09-24.md,a310914c6a75de8acbba6e6948b0dc1a0d833c569b800f47b12edcc79dfc9e7d,06-development-notes/v6-external-review-assessment-2026-09-24.md,already_present_exact_bytes
the-final-decision-v7-working.zip (previous working package),working_package_member,06-development-notes/v6-readiness-assessment-2026-09-23.md,7e9991607c7093b453fe2687b0c6f264b98d71fe089b31ca0e4d391d538da1be,06-development-notes/v6-readiness-assessment-2026-09-23.md,already_present_exact_bytes
the-final-decision-v7-working.zip (previous working package),working_package_member,06-development-notes/v6-revision-notes-2026-09-24.md,4c0270f5f996bb3b43686f866480083ed0300e02915aec31cf33fa6f07316d21,06-development-notes/v6-revision-notes-2026-09-24.md,already_present_exact_bytes
the-final-decision-v7-working.zip (previous working package),working_package_member,06-development-notes/v6-todo.md,bd797ff166ce26f3487a8a02cc83c485cb58a4f5b32460b0240c4d22c90c6b93,06-development-notes/v6-todo.md,already_present_exact_bytes
the-final-decision-v7-working.zip (previous working package),working_package_member,06-development-notes/v7-philosophy-and-mythology-2026-09-24.md,bf39114065caa7573269331655d3c28f6c62f7f732a9f7917bc4eaf479fd1376,06-development-notes/v7-philosophy-and-mythology-2026-09-24.md,already_present_exact_bytes
the-final-decision-v7-working.zip (previous working package),working_package_member,06-development-notes/v7-revision-checklist-2026-09-24.md,4e8636a2480e441136eb61911a0766e08ce75164664aa68d6ce8908bad85efe1,99-archive/pre-nonhuman-ark-proposal-reference/06-development-notes/v7-revision-checklist-2026-09-24.md,already_present_exact_bytes
the-final-decision-v7-working.zip (previous working package),working_package_member,06-development-notes/v7-vessel-and-trilogy-philosophy-2026-09-24.md,406581fb42caff9cc7a149de1d35d964f85b39b2df509114f85fd0ec322e93e7,06-development-notes/v7-vessel-and-trilogy-philosophy-2026-09-24.md,already_present_exact_bytes
the-final-decision-v7-working.zip (previous working package),working_package_member,07-scene-workshop/book1-additions-per-chapter-2026-09-22.md,ad15b5e45b17a0cde7f54a48b60bfc44fcd2e5609bbc0ed6edb780c4a976f429,07-scene-workshop/book1-additions-per-chapter-2026-09-22.md,already_present_exact_bytes
the-final-decision-v7-working.zip (previous working package),working_package_member,07-scene-workshop/paranoia-scenes-v1.md,3dbc9148c5bca8d6d6dd9fd4e87e8af03686ac601e69d9141df0c60b29aa9949,07-scene-workshop/paranoia-scenes-v1.md,already_present_exact_bytes
the-final-decision-v7-working.zip (previous working package),working_package_member,07-scene-workshop/structure-and-motifs-2026-09-22.md,519d0d48b5ac6bf1804ce4f86e1237c62be6c403266c8eda6679443efb7b0f82,07-scene-workshop/structure-and-motifs-2026-09-22.md,already_present_exact_bytes
the-final-decision-v7-working.zip (previous working package),working_package_member,08-production/README.md,56aecefaa5f17251c5875a36d6593c816f50417662e58565bacab6eb9eb071cf,08-production/README.md,already_present_exact_bytes
the-final-decision-v7-working.zip (previous working package),working_package_member,08-production/__pycache__/render-book-v5.cpython-312.pyc,bc7ba2a8bc9c66e2b156373d59889f4a8046e532e08b0067ac72dd6f95693664,08-production/__pycache__/render-book-v5.cpython-312.pyc,already_present_exact_bytes
the-final-decision-v7-working.zip (previous working package),working_package_member,08-production/consciousness-framework-validation-2026-09-24.json,6398edfdcfb323a9933c5cc7a8b7bd4364ea12bf032c2d436d53f6dfd6acc822,08-production/consciousness-framework-validation-2026-09-24.json,already_present_exact_bytes
the-final-decision-v7-working.zip (previous working package),working_package_member,08-production/philosophy-scene-map-validation-2026-09-24.json,50c6c658c5254b94d88c63906fecf766110c68b7aa57a321999c4a00426a5d1c,08-production/philosophy-scene-map-validation-2026-09-24.json,already_present_exact_bytes
the-final-decision-v7-working.zip (previous working package),working_package_member,08-production/render-book-v5.py,4336ed78d945960a547173fa7c4233c8c6ba2c55c7a0568618c893d3208348c6,08-production/render-book-v5.py,already_present_exact_bytes
the-final-decision-v7-working.zip (previous working package),working_package_member,08-production/render-book-v6.py,6316836e0d7b07dfdbe6e127913681b12b3eeec3ce20ac41b806e1d605a554e9,08-production/render-book-v6.py,already_present_exact_bytes
the-final-decision-v7-working.zip (previous working package),working_package_member,08-production/render-book.py,3774559856c86a87b977a02154feec85dc0e94423ba84b4481987e158458b183,08-production/render-book.py,already_present_exact_bytes
the-final-decision-v7-working.zip (previous working package),working_package_member,08-production/seeding-proposal-validation-2026-09-24.json,d16c86be63dfd4654fcc76739cc105cd36aabb10697fba87d95d770cd5a64b46,08-production/seeding-proposal-validation-2026-09-24.json,already_present_exact_bytes
the-final-decision-v7-working.zip (previous working package),working_package_member,08-production/v4-validation.json,a5436ccf12a7db4292525850f1c3d858c27646322f8fa611d6cec4dbaedbef79,08-production/v4-validation.json,already_present_exact_bytes
the-final-decision-v7-working.zip (previous working package),working_package_member,08-production/v5-validation.json,b213d707e9c53d8bee2ba115f7103fd6c5b6c1732cf407aa76fd51dd1c3ab3f7,08-production/v5-validation.json,already_present_exact_bytes
the-final-decision-v7-working.zip (previous working package),working_package_member,08-production/v6-to-v7-working.diff,e294309e2cd347104205c75337d21d31cd3020bc398a0c0ba1057c54823e5e9a,08-production/v6-to-v7-working.diff,already_present_exact_bytes
the-final-decision-v7-working.zip (previous working package),working_package_member,08-production/v6-validation.json,c4a106d9855ff078e661c25341d4c34d594a4ceabba865441d732aa904ff1c0b,08-production/v6-validation.json,already_present_exact_bytes
the-final-decision-v7-working.zip (previous working package),working_package_member,08-production/v7-planning-documentation-validation.json,b61ddd1e9982a43719f5d8c36fb974965fdcffeb047421d9c90fe2b4721a3b8e,08-production/v7-planning-documentation-validation.json,already_present_exact_bytes
the-final-decision-v7-working.zip (previous working package),working_package_member,08-production/v7-working-validation.json,8d2fc02f685945c89eefa77099d4268696499aa2c2b09f108bdada99c0dd1242,08-production/v7-working-validation.json,already_present_exact_bytes
the-final-decision-v7-working.zip (previous working package),working_package_member,99-archive/2026-09-session-notes/author-clarifications-source-2026-09-22.md,c48dd07ac7f525002a40737b3e66ea5bd4ffcfe1cf031fd7954208a3d6b5b94c,99-archive/2026-09-session-notes/author-clarifications-source-2026-09-22.md,already_present_exact_bytes
the-final-decision-v7-working.zip (previous working package),working_package_member,99-archive/2026-09-session-notes/consciousness-cycle-author-clarification-2026-09-24.md,75881a26070515eeadb8870084d561dafef24c67555be97b1dbf78ab4309e188,99-archive/2026-09-session-notes/consciousness-cycle-author-clarification-2026-09-24.md,already_present_exact_bytes
the-final-decision-v7-working.zip (previous working package),working_package_member,99-archive/2026-09-session-notes/longevity-daniel-lab-professions.md,6016ea1d3c85bc1c79195e4c613389c671d496ea442e05a67e43dfd58085b273,99-archive/2026-09-session-notes/longevity-daniel-lab-professions.md,already_present_exact_bytes
the-final-decision-v7-working.zip (previous working package),working_package_member,99-archive/2026-09-session-notes/philosophy-scene-map-author-request-2026-09-24.md,66811d9d8c0fbb8f2bc4ef3c082584ccd0c0bda4189b0db185048021f822c27c,99-archive/2026-09-session-notes/philosophy-scene-map-author-request-2026-09-24.md,already_present_exact_bytes
the-final-decision-v7-working.zip (previous working package),working_package_member,99-archive/2026-09-session-notes/plot-clarifications-source-2026-09-22.md,311996579773f758355c33daf20fc6facd058af0e5e7d5aa6a534c37647e99dd,99-archive/2026-09-session-notes/plot-clarifications-source-2026-09-22.md,already_present_exact_bytes
the-final-decision-v7-working.zip (previous working package),working_package_member,99-archive/2026-09-session-notes/reality-haven-ark-exploration.md,f4df4d4dbedcdfd06fde64057ff0c0c5c369a247eba30f78b7c9e2c24f2a4006,99-archive/2026-09-session-notes/reality-haven-ark-exploration.md,already_present_exact_bytes
the-final-decision-v7-working.zip (previous working package),working_package_member,99-archive/2026-09-session-notes/seeding-and-successor-arks-author-messages-2026-09-24.md,62ee8a15290a64cc563e2e20942a4daf02d7997b6d3831d8ce1974ed74ca4752,99-archive/2026-09-session-notes/seeding-and-successor-arks-author-messages-2026-09-24.md,already_present_exact_bytes
the-final-decision-v7-working.zip (previous working package),working_package_member,99-archive/2026-09-session-notes/v6-planning-source-2026-09-23.md,df68ff243ba9998e5f1ba4d36808f1fefc80ab46e9a8b6cd5cd1bb69480e4713,99-archive/2026-09-session-notes/v6-planning-source-2026-09-23.md,already_present_exact_bytes
the-final-decision-v7-working.zip (previous working package),working_package_member,99-archive/2026-09-session-notes/v7-vessel-author-directions-2026-09-24.md,567e601b392629124f43a0fdf155fd710f4e9476b8cd2ca8c686eacb34bacd39,99-archive/2026-09-session-notes/v7-vessel-author-directions-2026-09-24.md,already_present_exact_bytes
the-final-decision-v7-working.zip (previous working package),working_package_member,99-archive/master-working-doc.md,f76c48503d76cece3a8ceeab6a9b5af2798f946b23d403a91eb6c4b0653beedc,99-archive/master-working-doc.md,already_present_exact_bytes
the-final-decision-v7-working.zip (previous working package),working_package_member,99-archive/post-v4-notes/notes-before-seven-thresholds-2026-09-23.md,1e0724e4b89b6d3a29682a02be231ad8c09c08356cefa7457de26eca5986be6a,99-archive/post-v4-notes/notes-before-seven-thresholds-2026-09-23.md,already_present_exact_bytes
the-final-decision-v7-working.zip (previous working package),working_package_member,99-archive/pre-consciousness-framework-reference/01-bible/bible.md,294b740f2f648d3793ec993249404fe6a64c598fd4f11c17ac69ff2b84662401,99-archive/pre-consciousness-framework-reference/01-bible/bible.md,already_present_exact_bytes
the-final-decision-v7-working.zip (previous working package),working_package_member,99-archive/pre-consciousness-framework-reference/06-development-notes/README.md,ef6784a14ad98ea644450543da9a67c19f9935baaf4c8a672707bf11b213980c,99-archive/pre-consciousness-framework-reference/06-development-notes/README.md,already_present_exact_bytes
the-final-decision-v7-working.zip (previous working package),working_package_member,99-archive/pre-consciousness-framework-reference/06-development-notes/book-three-seeding-and-successor-arks-2026-09-24.md,4b8a091f45837af9da9debcf9d9e5da8eacbb8e4035092a2953abb5b3d85746f,99-archive/pre-consciousness-framework-reference/06-development-notes/book-three-seeding-and-successor-arks-2026-09-24.md,already_present_exact_bytes
the-final-decision-v7-working.zip (previous working package),working_package_member,99-archive/pre-consciousness-framework-reference/06-development-notes/v7-revision-checklist-2026-09-24.md,4f2bf6576ce6b40182bda48114146b75f0a347732620bbee2f26869b1dd39ad5,99-archive/pre-consciousness-framework-reference/06-development-notes/v7-revision-checklist-2026-09-24.md,already_present_exact_bytes
the-final-decision-v7-working.zip (previous working package),working_package_member,99-archive/pre-consciousness-framework-reference/README.md,0aa8bcba47160e53cee2c98eb4c8f24642874b488562dcd9eca3ad67c5cc8283,99-archive/pre-consciousness-framework-reference/README.md,already_present_exact_bytes
the-final-decision-v7-working.zip (previous working package),working_package_member,99-archive/pre-philosophy-scene-map-reference/01-bible/bible.md,30cede263ab56d94a7aee59ee3803a1cd0aaee7daa6da7ddc8bd95344eed21d0,99-archive/pre-philosophy-scene-map-reference/01-bible/bible.md,already_present_exact_bytes
the-final-decision-v7-working.zip (previous working package),working_package_member,99-archive/pre-philosophy-scene-map-reference/04-characters/character-sheets.md,a82bc38023be959f92f79bccf0e5ea790aa4ae54b07efe497af811ea05249a50,99-archive/pre-philosophy-scene-map-reference/04-characters/character-sheets.md,already_present_exact_bytes
the-final-decision-v7-working.zip (previous working package),working_package_member,99-archive/pre-philosophy-scene-map-reference/06-development-notes/README.md,23bb5dc7f873a1ba8b8d500c0f0e93cde0afb88ae3750c78897c89e8a3820143,99-archive/pre-philosophy-scene-map-reference/06-development-notes/README.md,already_present_exact_bytes
the-final-decision-v7-working.zip (previous working package),working_package_member,99-archive/pre-philosophy-scene-map-reference/06-development-notes/current-plot-summary-books-one-and-two.md,b9439b53207ec7521a8b25ba91db847dbcaf76bf8a186ef368d86f70b4076324,99-archive/pre-philosophy-scene-map-reference/06-development-notes/current-plot-summary-books-one-and-two.md,already_present_exact_bytes
the-final-decision-v7-working.zip (previous working package),working_package_member,99-archive/pre-philosophy-scene-map-reference/06-development-notes/v7-philosophy-and-mythology-2026-09-24.md,b511460f971e53a1588c908ac5f626894dc1f275bba784c0dc8461074e05228d,99-archive/pre-philosophy-scene-map-reference/06-development-notes/v7-philosophy-and-mythology-2026-09-24.md,already_present_exact_bytes
the-final-decision-v7-working.zip (previous working package),working_package_member,99-archive/pre-philosophy-scene-map-reference/06-development-notes/v7-revision-checklist-2026-09-24.md,7a39d762cd9b9473fe23a1a1d0453d0901379a2d3ab7480f19149418c189c3e8,99-archive/pre-philosophy-scene-map-reference/06-development-notes/v7-revision-checklist-2026-09-24.md,already_present_exact_bytes
the-final-decision-v7-working.zip (previous working package),working_package_member,99-archive/pre-philosophy-scene-map-reference/06-development-notes/v7-vessel-and-trilogy-philosophy-2026-09-24.md,ca91851d84c0747634fbacf3375115d4928304f9805b9c1c8b68d8d3b3ef8cf7,99-archive/pre-philosophy-scene-map-reference/06-development-notes/v7-vessel-and-trilogy-philosophy-2026-09-24.md,already_present_exact_bytes
the-final-decision-v7-working.zip (previous working package),working_package_member,99-archive/pre-philosophy-scene-map-reference/README.md,1dd3cb4075e06319babb98e88f762635c3eda66ae197ae76e7727f4b4a05f81b,99-archive/pre-philosophy-scene-map-reference/README.md,already_present_exact_bytes
the-final-decision-v7-working.zip (previous working package),working_package_member,99-archive/pre-seeding-proposal-reference/01-bible/bible.md,0021e343fafc06a1b5b3a66f7a31d7dc075c158b685e675c45766a8fe0e71a2f,99-archive/pre-seeding-proposal-reference/01-bible/bible.md,already_present_exact_bytes
the-final-decision-v7-working.zip (previous working package),working_package_member,99-archive/pre-seeding-proposal-reference/06-development-notes/README.md,610d949e3e6d5bf3b10c218779d1fcc3dc7ff453d92b0ee65b888c9ec8ed66be,99-archive/pre-seeding-proposal-reference/06-development-notes/README.md,already_present_exact_bytes
the-final-decision-v7-working.zip (previous working package),working_package_member,99-archive/pre-seeding-proposal-reference/06-development-notes/philosophy-scene-map-and-progress-2026-09-24.md,64818bf3c65cae7c34992b03b3a09242a3781ccbe897f1902abd78fc27897f6b,99-archive/pre-seeding-proposal-reference/06-development-notes/philosophy-scene-map-and-progress-2026-09-24.md,already_present_exact_bytes
the-final-decision-v7-working.zip (previous working package),working_package_member,99-archive/pre-seeding-proposal-reference/06-development-notes/v7-revision-checklist-2026-09-24.md,78dc025947ecb38b8fb1c3bae9d48fdda3791f8553b46ddf104f5a584761fc2c,99-archive/pre-seeding-proposal-reference/06-development-notes/v7-revision-checklist-2026-09-24.md,already_present_exact_bytes
the-final-decision-v7-working.zip (previous working package),working_package_member,99-archive/pre-seeding-proposal-reference/README.md,5990d6b375dc3bb52371663cdd42d6285d723822eef8c5b6da39a4308f5138f4,99-archive/pre-seeding-proposal-reference/README.md,already_present_exact_bytes
the-final-decision-v7-working.zip (previous working package),working_package_member,99-archive/pre-v4-reference/01-bible/bible.md,1d67a623a7c986f403dad66a24a97245cff353f064b61687d878be8ce5b9897c,99-archive/pre-v4-reference/01-bible/bible.md,already_present_exact_bytes
the-final-decision-v7-working.zip (previous working package),working_package_member,99-archive/pre-v4-reference/04-characters/character-sheets.md,63d634fd05f7ebdfcc0dff687dee79aff5a41e9c1b4e6737e18bc9f25b14d84b,99-archive/pre-v4-reference/04-characters/character-sheets.md,already_present_exact_bytes
the-final-decision-v7-working.zip (previous working package),working_package_member,99-archive/pre-v4-reference/06-development-notes/README.md,d4dddc4a319f1903da469487efe2987160b95bccf3029f9a9370ddf632cdf769,99-archive/pre-v4-reference/06-development-notes/README.md,already_present_exact_bytes
the-final-decision-v7-working.zip (previous working package),working_package_member,99-archive/pre-v4-reference/06-development-notes/author-clarifications-2026-09-22.md,e65a8b9534b92708897c557b27ec88c9d52c25b224bbbee8bdc74833d4147330,99-archive/pre-v4-reference/06-development-notes/author-clarifications-2026-09-22.md,already_present_exact_bytes
the-final-decision-v7-working.zip (previous working package),working_package_member,99-archive/pre-v4-reference/06-development-notes/book-one-paradise-v3-review-2026-09-23.md,25d99788e1ed7b7d85a686bd23db1604ae6e7fe352c58b98b008a5491dcc4f6a,99-archive/pre-v4-reference/06-development-notes/book-one-paradise-v3-review-2026-09-23.md,already_present_exact_bytes
the-final-decision-v7-working.zip (previous working package),working_package_member,99-archive/pre-v4-reference/06-development-notes/current-plot-summary-books-one-and-two.md,f97ff4c140c30dacb1d245c34e4a6175efe2f9adc35426130714eb091681e244,99-archive/pre-v4-reference/06-development-notes/current-plot-summary-books-one-and-two.md,already_present_exact_bytes
the-final-decision-v7-working.zip (previous working package),working_package_member,99-archive/pre-v4-reference/06-development-notes/draft-1-editorial-review.md,fe41aa031d392bc21d97c14fb6ffbcc3254bfa9ee0e0ee2f3696707672c45cad,99-archive/pre-v4-reference/06-development-notes/draft-1-editorial-review.md,already_present_exact_bytes
the-final-decision-v7-working.zip (previous working package),working_package_member,99-archive/pre-v4-reference/06-development-notes/plot-clarifications-and-mystery-boundaries-2026-09-22.md,fce115cb0e6592c45f24822df0a1403c1ae3acf797ff1b8013d77b27eeb9d6c6,99-archive/pre-v4-reference/06-development-notes/plot-clarifications-and-mystery-boundaries-2026-09-22.md,already_present_exact_bytes
the-final-decision-v7-working.zip (previous working package),working_package_member,99-archive/pre-v4-reference/06-development-notes/provisional-design-notes-longevity-reality-ark.md,703822c4df1fc05f235b250571ac9220f9d8d6998dc0795599d16876f11d9b2d,99-archive/pre-v4-reference/06-development-notes/provisional-design-notes-longevity-reality-ark.md,already_present_exact_bytes
the-final-decision-v7-working.zip (previous working package),working_package_member,99-archive/pre-v4-reference/06-development-notes/review-and-open-items-2026-09-22.md,201285f0d3afccf940d035902bca0d339cf459f563e38401f4f9c040b2913001,99-archive/pre-v4-reference/06-development-notes/review-and-open-items-2026-09-22.md,already_present_exact_bytes
the-final-decision-v7-working.zip (previous working package),working_package_member,99-archive/pre-v4-reference/07-scene-workshop/book1-additions-per-chapter-2026-09-22.md,0029e2d304595aa2729418b464bb010e3f71c0d407526f234707c6538d0f2ad0,99-archive/pre-v4-reference/07-scene-workshop/book1-additions-per-chapter-2026-09-22.md,already_present_exact_bytes
the-final-decision-v7-working.zip (previous working package),working_package_member,99-archive/pre-v4-reference/07-scene-workshop/paranoia-scenes-v1.md,3e61da610736951f5bcc98f6d45db67374b2c856c0a1facb5ba6da7e9395492b,99-archive/pre-v4-reference/07-scene-workshop/paranoia-scenes-v1.md,already_present_exact_bytes
the-final-decision-v7-working.zip (previous working package),working_package_member,99-archive/pre-v4-reference/07-scene-workshop/structure-and-motifs-2026-09-22.md,7083de902931fe92afb45891bf09c0b2f37bc7b57ea269293f72f6302b62453e,99-archive/pre-v4-reference/07-scene-workshop/structure-and-motifs-2026-09-22.md,already_present_exact_bytes
the-final-decision-v7-working.zip (previous working package),working_package_member,99-archive/pre-v4-reference/PROJECT-MERGE-MANIFEST.md,800771ef5d6f9c3e40a05d01674f05338de32e42c75b4c919ae905848bdaa939,99-archive/pre-v4-reference/PROJECT-MERGE-MANIFEST.md,already_present_exact_bytes
the-final-decision-v7-working.zip (previous working package),working_package_member,99-archive/pre-v4-reference/README.md,1e15139d9041c0530995e9aafd74fcd74f9ee7fa5050bb7fcb9d5a43b332a576,99-archive/pre-v4-reference/README.md,already_present_exact_bytes
the-final-decision-v7-working.zip (previous working package),working_package_member,99-archive/pre-v5-reference/01-bible/bible.md,315b85b13a8f447e48592df7da3ea1252177be96b6c927e738b9be3364e1cee3,99-archive/pre-v5-reference/01-bible/bible.md,already_present_exact_bytes
the-final-decision-v7-working.zip (previous working package),working_package_member,99-archive/pre-v5-reference/04-characters/character-sheets.md,5878a5270b36762c48561aebef3de84d1f33fe714f7027cc6802662f06338cef,99-archive/pre-v5-reference/04-characters/character-sheets.md,already_present_exact_bytes
the-final-decision-v7-working.zip (previous working package),working_package_member,99-archive/pre-v5-reference/06-development-notes/README.md,e488e80a6de3b20dc848e7043889eb09f46d0e6c4178ecfa5312ce75e9b26907,99-archive/pre-v5-reference/06-development-notes/README.md,already_present_exact_bytes
the-final-decision-v7-working.zip (previous working package),working_package_member,99-archive/pre-v5-reference/06-development-notes/current-plot-summary-books-one-and-two.md,a6f811bc730a9599c29efa14d3a8963b96e48e472c05d71cd3f2161ff9a30ae8,99-archive/pre-v5-reference/06-development-notes/current-plot-summary-books-one-and-two.md,already_present_exact_bytes
the-final-decision-v7-working.zip (previous working package),working_package_member,99-archive/pre-v5-reference/06-development-notes/post-v4-author-notes-2026-09-23.md,0fe0ab9ebc5d2f072b3446304e247353c6c6a533693bafe8b7473084e5904353,99-archive/pre-v5-reference/06-development-notes/post-v4-author-notes-2026-09-23.md,already_present_exact_bytes
the-final-decision-v7-working.zip (previous working package),working_package_member,99-archive/pre-v5-reference/08-production/README.md,093b7dddc7c1b3d7326304fd90d76f2aef894fdf81dd9bacc7614109f5c6ee93,99-archive/pre-v5-reference/08-production/README.md,already_present_exact_bytes
the-final-decision-v7-working.zip (previous working package),working_package_member,99-archive/pre-v5-reference/PROJECT-MERGE-MANIFEST.md,80742ae92df43ea9b26bf834c4e539bc87184b704f0ad7a175d9d3e68b47ff67,99-archive/pre-v5-reference/PROJECT-MERGE-MANIFEST.md,already_present_exact_bytes
the-final-decision-v7-working.zip (previous working package),working_package_member,99-archive/pre-v5-reference/README.md,8dfd14b4ce4dcd1b9974ba1fde9af7cbc934953a72bc420f60b59202b3e00229,99-archive/pre-v5-reference/README.md,already_present_exact_bytes
the-final-decision-v7-working.zip (previous working package),working_package_member,99-archive/pre-v6-planning-reference/06-development-notes/README.md,45065e2dd4663551af6689bb43eedc5c565a0993dfee48efe7bd8fc34e8da0f5,99-archive/pre-v6-planning-reference/06-development-notes/README.md,already_present_exact_bytes
the-final-decision-v7-working.zip (previous working package),working_package_member,99-archive/pre-v6-planning-reference/PROJECT-MERGE-MANIFEST.md,bec75fa1cec3ff03520560d8c65da574efdaeb49cd598b1dbdc36513f10a5577,99-archive/pre-v6-planning-reference/PROJECT-MERGE-MANIFEST.md,already_present_exact_bytes
the-final-decision-v7-working.zip (previous working package),working_package_member,99-archive/pre-v6-planning-reference/README.md,4f197a5ab18c201bb407ecf055540c437724e750f1b5e62df085dea1f11c0913,99-archive/pre-v6-planning-reference/README.md,already_present_exact_bytes
the-final-decision-v7-working.zip (previous working package),working_package_member,99-archive/pre-v6-reference/01-bible/bible.md,471b5a6450c0761a88d498c7c16d227f9b91b5e2385a14e9fed44c020585dcba,99-archive/pre-v6-reference/01-bible/bible.md,already_present_exact_bytes
the-final-decision-v7-working.zip (previous working package),working_package_member,99-archive/pre-v6-reference/04-characters/character-sheets.md,ec8685b1ba9f397177f8b4e3a41a1a6e88d9639b8877887cec955915e9992882,99-archive/pre-v6-reference/04-characters/character-sheets.md,already_present_exact_bytes
the-final-decision-v7-working.zip (previous working package),working_package_member,99-archive/pre-v6-reference/04-characters/v6-character-profiles-2026-09-23.md,d880c587ac2ed0c451a9ca4607b734b9e70ef1eab6a0605b9564daea7fd23af0,99-archive/pre-v6-reference/04-characters/v6-character-profiles-2026-09-23.md,already_present_exact_bytes
the-final-decision-v7-working.zip (previous working package),working_package_member,99-archive/pre-v6-reference/06-development-notes/README.md,c06d315e5c6d061b204cf99237d0756dcb5bf84b84399025e58006a81e997e21,99-archive/pre-v6-reference/06-development-notes/README.md,already_present_exact_bytes
the-final-decision-v7-working.zip (previous working package),working_package_member,99-archive/pre-v6-reference/06-development-notes/current-plot-summary-books-one-and-two.md,57ce79a5895e650a7f604578b449d976cbe6dfbf30c6aff643956e36ebc5919c,99-archive/pre-v6-reference/06-development-notes/current-plot-summary-books-one-and-two.md,already_present_exact_bytes
the-final-decision-v7-working.zip (previous working package),working_package_member,99-archive/pre-v6-reference/06-development-notes/v6-chapter-and-clue-outline-2026-09-24.md,2b53f35ac7180fa1b0b41b2ba395b51e1b46962e9dde507e20aec5419e3d2b69,99-archive/pre-v6-reference/06-development-notes/v6-chapter-and-clue-outline-2026-09-24.md,already_present_exact_bytes
the-final-decision-v7-working.zip (previous working package),working_package_member,99-archive/pre-v6-reference/06-development-notes/v6-contact-strategy-2026-09-24.md,297ef0ed8e49bad8e40672f963bb09545adf1d1eab6d8000042089002568be2e,99-archive/pre-v6-reference/06-development-notes/v6-contact-strategy-2026-09-24.md,already_present_exact_bytes
the-final-decision-v7-working.zip (previous working package),working_package_member,99-archive/pre-v6-reference/06-development-notes/v6-daniels-letter-2026-09-23.md,ef4b8bef48f237abf775bfe4787d926b3c45e2cea794705fb0b063eff91cfa66,99-archive/pre-v6-reference/06-development-notes/v6-daniels-letter-2026-09-23.md,already_present_exact_bytes
the-final-decision-v7-working.zip (previous working package),working_package_member,99-archive/pre-v6-reference/06-development-notes/v6-development-path-2026-09-23.md,a6be5d5f0811b2b529233608daff60a36d91f456c7cbd8f24a606cd946e76910,99-archive/pre-v6-reference/06-development-notes/v6-development-path-2026-09-23.md,already_present_exact_bytes
the-final-decision-v7-working.zip (previous working package),working_package_member,99-archive/pre-v6-reference/06-development-notes/v6-readiness-assessment-2026-09-23.md,e9258b6f42ded2c2f39a9aafb49ae993bacf00d95b02711def6d968d38a2f847,99-archive/pre-v6-reference/06-development-notes/v6-readiness-assessment-2026-09-23.md,already_present_exact_bytes
the-final-decision-v7-working.zip (previous working package),working_package_member,99-archive/pre-v6-reference/06-development-notes/v6-todo.md,90d96674a7f0c074b522f1a8401853a801ece958d57da0f8a5b734ae089076ec,99-archive/pre-v6-reference/06-development-notes/v6-todo.md,already_present_exact_bytes
the-final-decision-v7-working.zip (previous working package),working_package_member,99-archive/pre-v6-reference/08-production/README.md,30aac1a4defc8d78224ac141664d211843599e124e6f3894a4543a5aba2c75d9,99-archive/pre-v6-reference/08-production/README.md,already_present_exact_bytes
the-final-decision-v7-working.zip (previous working package),working_package_member,99-archive/pre-v6-reference/PROJECT-MERGE-MANIFEST.md,d9f2614284cf325a267718e39ba6b3e1777c46754cb039f4fe24906eb11524fc,99-archive/pre-v6-reference/PROJECT-MERGE-MANIFEST.md,already_present_exact_bytes
the-final-decision-v7-working.zip (previous working package),working_package_member,99-archive/pre-v6-reference/README.md,06107dae3996506a7477920fd3729dad4109eb9823a9c317fde4de02544f4b3c,99-archive/pre-v6-reference/README.md,already_present_exact_bytes
the-final-decision-v7-working.zip (previous working package),working_package_member,99-archive/pre-v7-planning-reference/01-bible/bible.md,f643d3ca24008df84a9787613ba536ac5b4c9d62748614f262c1dd0238fad892,99-archive/pre-v7-planning-reference/01-bible/bible.md,already_present_exact_bytes
the-final-decision-v7-working.zip (previous working package),working_package_member,99-archive/pre-v7-planning-reference/06-development-notes/README.md,f38a7c7d48c36f5b4c725682eefca26b5f0ed607ec99bd9234d45012ef3ed362,99-archive/pre-v7-planning-reference/06-development-notes/README.md,already_present_exact_bytes
the-final-decision-v7-working.zip (previous working package),working_package_member,99-archive/pre-v7-planning-reference/README.md,6ecdc3cd932b71fc43cfdddced13324760569e9aa4b75d0c65b7b75c6a77e3bd,99-archive/pre-v7-planning-reference/README.md,already_present_exact_bytes
the-final-decision-v7-working.zip (previous working package),working_package_member,99-archive/pre-v7-vessel-reference/01-bible/bible.md,b3c17e00db626622e1c4a8d090e5619297ae49ab701759b7209bbb065dea1463,99-archive/pre-v7-vessel-reference/01-bible/bible.md,already_present_exact_bytes
the-final-decision-v7-working.zip (previous working package),working_package_member,99-archive/pre-v7-vessel-reference/04-characters/character-sheets.md,6ea78e3cbdda15c96524c7123f4c2e672b4f1082e4a148b05ca688928a07b698,99-archive/pre-v7-vessel-reference/04-characters/character-sheets.md,already_present_exact_bytes
the-final-decision-v7-working.zip (previous working package),working_package_member,99-archive/pre-v7-vessel-reference/06-development-notes/README.md,1fd92a9ea8b3e1b82c2dd95c0a63a297aad0a04e22a2e175d6f1e6df3211b58a,99-archive/pre-v7-vessel-reference/06-development-notes/README.md,already_present_exact_bytes
the-final-decision-v7-working.zip (previous working package),working_package_member,99-archive/pre-v7-vessel-reference/06-development-notes/current-plot-summary-books-one-and-two.md,f8e9a1f9cbdee483ca015133b67b59db9a33e2be07c973eca9cbadc7ab04f1fc,99-archive/pre-v7-vessel-reference/06-development-notes/current-plot-summary-books-one-and-two.md,already_present_exact_bytes
the-final-decision-v7-working.zip (previous working package),working_package_member,99-archive/pre-v7-vessel-reference/06-development-notes/v7-philosophy-and-mythology-2026-09-24.md,90c1e0de5800736a2ba02b8f44d4238f1d5ee6b224cca178078f8074a51da387,99-archive/pre-v7-vessel-reference/06-development-notes/v7-philosophy-and-mythology-2026-09-24.md,already_present_exact_bytes
the-final-decision-v7-working.zip (previous working package),working_package_member,99-archive/pre-v7-vessel-reference/06-development-notes/v7-revision-checklist-2026-09-24.md,575718aff93c939c1bb2a005d57e37e76aab13470df52f5abc748fae00fcb8f1,99-archive/pre-v7-vessel-reference/06-development-notes/v7-revision-checklist-2026-09-24.md,already_present_exact_bytes
the-final-decision-v7-working.zip (previous working package),working_package_member,99-archive/pre-v7-vessel-reference/08-production/README.md,d772199736e43668c815f09fdd8671e8a8d60909d4720434b830b6a99ea30538,99-archive/pre-v7-vessel-reference/08-production/README.md,already_present_exact_bytes
the-final-decision-v7-working.zip (previous working package),working_package_member,99-archive/pre-v7-vessel-reference/README.md,08550bdfcba0d92b8430b3304ded4c4bec490592f72e9c311236e7152e87a3ea,99-archive/pre-v7-vessel-reference/README.md,already_present_exact_bytes
the-final-decision-v7-working.zip (previous working package),working_package_member,99-archive/v6-planning-iterations/v6-chapter-and-clue-outline-2026-09-24-before-colleague-commentary.md,f5c6fda90d263792bfdda38bf68c89dc8ff13b8015cf008f002eb22938dc76d4,99-archive/v6-planning-iterations/v6-chapter-and-clue-outline-2026-09-24-before-colleague-commentary.md,already_present_exact_bytes
the-final-decision-v7-working.zip (previous working package),working_package_member,99-archive/v6-planning-iterations/v6-chapter-and-clue-outline-2026-09-24-before-contact-strategy.md,f607b409504ee57f76ad19363210990f0df471b46220a9590be91b462285a1f9,99-archive/v6-planning-iterations/v6-chapter-and-clue-outline-2026-09-24-before-contact-strategy.md,already_present_exact_bytes
the-final-decision-v7-working.zip (previous working package),working_package_member,99-archive/v6-planning-iterations/v6-chapter-and-clue-outline-2026-09-24-before-human-choice-refinements.md,08e8fdca3343869ed80c597145d8931c3f2ab242f1cec3936926a338e107648c,99-archive/v6-planning-iterations/v6-chapter-and-clue-outline-2026-09-24-before-human-choice-refinements.md,already_present_exact_bytes
the-final-decision-v7-working.zip (previous working package),working_package_member,99-archive/v6-planning-iterations/v6-chapter-and-clue-outline-2026-09-24-before-publication-lead.md,1d7bf7c6ed9abca58e6ee08fd68af0ae99f3699799a3ee72963fce86d0bb6d3a,99-archive/v6-planning-iterations/v6-chapter-and-clue-outline-2026-09-24-before-publication-lead.md,already_present_exact_bytes
the-final-decision-v7-working.zip (previous working package),working_package_member,99-archive/v6-planning-iterations/v6-chapter-and-clue-outline-before-ant-and-reunion-2026-09-24.md,482cc7bc8c9cf450ab809baf3160aa518ec26221ee73f1ea547a371b9b154b5d,99-archive/v6-planning-iterations/v6-chapter-and-clue-outline-before-ant-and-reunion-2026-09-24.md,already_present_exact_bytes
the-final-decision-v7-working.zip (previous working package),working_package_member,99-archive/v6-planning-iterations/v6-chapter-and-clue-outline-before-message-route-2026-09-24.md,0f2861cb94be36538421a07cccff87ff6af0c57b838150afb1e50d06e23dcc9b,99-archive/v6-planning-iterations/v6-chapter-and-clue-outline-before-message-route-2026-09-24.md,already_present_exact_bytes
the-final-decision-v7-working.zip (previous working package),working_package_member,99-archive/v6-planning-iterations/v6-character-profiles-2026-09-23-before-colleague-commentary.md,172ec0c23145638f855fa2cc52733d122ac7471962c1976ceb287c1cdbd16eb4,99-archive/v6-planning-iterations/v6-character-profiles-2026-09-23-before-colleague-commentary.md,already_present_exact_bytes
the-final-decision-v7-working.zip (previous working package),working_package_member,99-archive/v6-planning-iterations/v6-character-profiles-2026-09-23-before-human-choice-refinements.md,d19c59d547d012e47ab30d962b320b28eae46ebbdf629768ad0928b65c2dcef6,99-archive/v6-planning-iterations/v6-character-profiles-2026-09-23-before-human-choice-refinements.md,already_present_exact_bytes
the-final-decision-v7-working.zip (previous working package),working_package_member,99-archive/v6-planning-iterations/v6-character-profiles-2026-09-23-before-publication-lead.md,f0e65f926dcb3670fb12add056db0d4c7c92ca88e6322cf6d20bdf6e78321367,99-archive/v6-planning-iterations/v6-character-profiles-2026-09-23-before-publication-lead.md,already_present_exact_bytes
the-final-decision-v7-working.zip (previous working package),working_package_member,99-archive/v6-planning-iterations/v6-character-profiles-before-ant-and-reunion-2026-09-24.md,1bfc6e9440532eefc36686580fd98a5bbe53a3a5b6066085d32bbeed39bdb7ff,99-archive/v6-planning-iterations/v6-character-profiles-before-ant-and-reunion-2026-09-24.md,already_present_exact_bytes
the-final-decision-v7-working.zip (previous working package),working_package_member,99-archive/v6-planning-iterations/v6-character-profiles-before-chain-rock-2026-09-24.md,374b10aa27ff41a1ba63c6390d22ef9ead7288d1929a35433c08b26fe03d037e,99-archive/v6-planning-iterations/v6-character-profiles-before-chain-rock-2026-09-24.md,already_present_exact_bytes
the-final-decision-v7-working.zip (previous working package),working_package_member,99-archive/v6-planning-iterations/v6-character-profiles-before-daniel-letter-2026-09-23.md,d85d639b2876dc8b3ee2aaba01353469a117a581a11c04e08f7fb42425d29ed3,99-archive/v6-planning-iterations/v6-character-profiles-before-daniel-letter-2026-09-23.md,already_present_exact_bytes
the-final-decision-v7-working.zip (previous working package),working_package_member,99-archive/v6-planning-iterations/v6-character-profiles-before-message-route-2026-09-24.md,c04d84f04abd056006b8f6351b45d2612bc1c50b303d0c12f249810042f323e2,99-archive/v6-planning-iterations/v6-character-profiles-before-message-route-2026-09-24.md,already_present_exact_bytes
the-final-decision-v7-working.zip (previous working package),working_package_member,99-archive/v6-planning-iterations/v6-character-profiles-before-parental-forgiveness-2026-09-24.md,cb2f10f78a30e533fa5501fb8a11698ec00f42cbfbdb47568a5596859ea859f4,99-archive/v6-planning-iterations/v6-character-profiles-before-parental-forgiveness-2026-09-24.md,already_present_exact_bytes
the-final-decision-v7-working.zip (previous working package),working_package_member,99-archive/v6-planning-iterations/v6-character-profiles-before-ruth-handover-2026-09-23.md,dcc904a4bc0d96a1a893607e0714dd8325b5169bba1667be95e63807fe30c4cd,99-archive/v6-planning-iterations/v6-character-profiles-before-ruth-handover-2026-09-23.md,already_present_exact_bytes
the-final-decision-v7-working.zip (previous working package),working_package_member,99-archive/v6-planning-iterations/v6-contact-strategy-2026-09-24-before-human-choice-refinements.md,927f252d80a153fc16ba11ba12d7fc11b40ce52822dd31b45094f2ceaa5dd0b3,99-archive/v6-planning-iterations/v6-contact-strategy-2026-09-24-before-human-choice-refinements.md,already_present_exact_bytes
the-final-decision-v7-working.zip (previous working package),working_package_member,99-archive/v6-planning-iterations/v6-daniels-letter-before-ant-and-reunion-2026-09-24.md,4718c175e2e4ddc972bcb4d0c58183e143329562ecbc4c48a5ca16fcb9f65085,99-archive/v6-planning-iterations/v6-daniels-letter-before-ant-and-reunion-2026-09-24.md,already_present_exact_bytes
the-final-decision-v7-working.zip (previous working package),working_package_member,99-archive/v6-planning-iterations/v6-daniels-letter-before-chain-rock-2026-09-24.md,cde9bbc01a63016cc7fb8738a2d9f9766baccf4deba12fab1e9dadeb5c6e3176,99-archive/v6-planning-iterations/v6-daniels-letter-before-chain-rock-2026-09-24.md,already_present_exact_bytes
the-final-decision-v7-working.zip (previous working package),working_package_member,99-archive/v6-planning-iterations/v6-daniels-letter-before-parental-forgiveness-2026-09-24.md,c3c37c2adbf8984bf41a12a61ab75677245f299c72b5173c10b259adf94f3860,99-archive/v6-planning-iterations/v6-daniels-letter-before-parental-forgiveness-2026-09-24.md,already_present_exact_bytes
the-final-decision-v7-working.zip (previous working package),working_package_member,99-archive/v6-planning-iterations/v6-daniels-letter-before-ruth-handover-2026-09-23.md,7ab7367e66aa65153110b154e91980ece13d1323e1d3f87d1a05d584c0247008,99-archive/v6-planning-iterations/v6-daniels-letter-before-ruth-handover-2026-09-23.md,already_present_exact_bytes
the-final-decision-v7-working.zip (previous working package),working_package_member,99-archive/v6-planning-iterations/v6-development-path-2026-09-23-before-colleague-commentary.md,db6dbf3e89c15964319b8509b1dc3b39e1255971b1e845a15fb86136aee1a92e,99-archive/v6-planning-iterations/v6-development-path-2026-09-23-before-colleague-commentary.md,already_present_exact_bytes
the-final-decision-v7-working.zip (previous working package),working_package_member,99-archive/v6-planning-iterations/v6-development-path-2026-09-23-before-contact-strategy.md,2af02b326edcb905e98606512c19dcf2aae66bf017b92e561ff83b3865f297a7,99-archive/v6-planning-iterations/v6-development-path-2026-09-23-before-contact-strategy.md,already_present_exact_bytes
the-final-decision-v7-working.zip (previous working package),working_package_member,99-archive/v6-planning-iterations/v6-development-path-2026-09-23-before-human-choice-refinements.md,a1cfafdf5b4a742f2863d1ca469418089a9b76c25d414ef1c7253579eeb8234c,99-archive/v6-planning-iterations/v6-development-path-2026-09-23-before-human-choice-refinements.md,already_present_exact_bytes
the-final-decision-v7-working.zip (previous working package),working_package_member,99-archive/v6-planning-iterations/v6-development-path-2026-09-23-before-publication-lead.md,742818d36e2a1a18da06b8434e036e6079c9034df0a7e9ea93331f8e9c6a6180,99-archive/v6-planning-iterations/v6-development-path-2026-09-23-before-publication-lead.md,already_present_exact_bytes
the-final-decision-v7-working.zip (previous working package),working_package_member,99-archive/v6-planning-iterations/v6-development-path-before-aerospace-attention-2026-09-23.md,1cd961e1efed0e251b167fdbf048aa7c31c2cddaa320fa2bcc84e033fd8024b3,99-archive/v6-planning-iterations/v6-development-path-before-aerospace-attention-2026-09-23.md,already_present_exact_bytes
the-final-decision-v7-working.zip (previous working package),working_package_member,99-archive/v6-planning-iterations/v6-development-path-before-ant-and-reunion-2026-09-24.md,2a5596737edf998b0ec716645b406788d2041879f72b75ebff440a2a66c6d255,99-archive/v6-planning-iterations/v6-development-path-before-ant-and-reunion-2026-09-24.md,already_present_exact_bytes
the-final-decision-v7-working.zip (previous working package),working_package_member,99-archive/v6-planning-iterations/v6-development-path-before-chain-rock-2026-09-24.md,e49d1841c00f0a7c52aa8ca375ec0ce9375df1f0b0b44e6c0fe76c1e35ca8756,99-archive/v6-planning-iterations/v6-development-path-before-chain-rock-2026-09-24.md,already_present_exact_bytes
the-final-decision-v7-working.zip (previous working package),working_package_member,99-archive/v6-planning-iterations/v6-development-path-before-chapter-outline-2026-09-24.md,11c385795e2c96a2858fa857627a703913a89679d62630151c1e5b75430ddbf9,99-archive/v6-planning-iterations/v6-development-path-before-chapter-outline-2026-09-24.md,already_present_exact_bytes
the-final-decision-v7-working.zip (previous working package),working_package_member,99-archive/v6-planning-iterations/v6-development-path-before-crossing-dreams-2026-09-23.md,8acaa92d6d85ebe731ad546db35ee2cddcc7282c56c97732e2fca91b0110fa2b,99-archive/v6-planning-iterations/v6-development-path-before-crossing-dreams-2026-09-23.md,already_present_exact_bytes
the-final-decision-v7-working.zip (previous working package),working_package_member,99-archive/v6-planning-iterations/v6-development-path-before-daniel-letter-2026-09-23.md,66ed47c9882b0113c966ed319c7b3cb1489ac28b0579194688e44c9dd2583b50,99-archive/v6-planning-iterations/v6-development-path-before-daniel-letter-2026-09-23.md,already_present_exact_bytes
the-final-decision-v7-working.zip (previous working package),working_package_member,99-archive/v6-planning-iterations/v6-development-path-before-family-contact-2026-09-23.md,9a1b5ebafce4eebc066a97c193198e634e775428f811101bf40ec1e751882fea,99-archive/v6-planning-iterations/v6-development-path-before-family-contact-2026-09-23.md,already_present_exact_bytes
the-final-decision-v7-working.zip (previous working package),working_package_member,99-archive/v6-planning-iterations/v6-development-path-before-habitat-meaning-2026-09-23.md,c91d8304fc99edfeb7bbf44ae996ced82b9262420398a4a454964717b76c6822,99-archive/v6-planning-iterations/v6-development-path-before-habitat-meaning-2026-09-23.md,already_present_exact_bytes
the-final-decision-v7-working.zip (previous working package),working_package_member,99-archive/v6-planning-iterations/v6-development-path-before-hesk-trust-closure-2026-09-23.md,dba6e08ba11d883a6d0ac28fe8dc5ded52b22d06c69922cb1a018318f6a689a3,99-archive/v6-planning-iterations/v6-development-path-before-hesk-trust-closure-2026-09-23.md,already_present_exact_bytes
the-final-decision-v7-working.zip (previous working package),working_package_member,99-archive/v6-planning-iterations/v6-development-path-before-map-windows-mythology-2026-09-23.md,fbd66e17c05c2023b2473670aa8249bdff4807f37208917cb5d1e361485e493e,99-archive/v6-planning-iterations/v6-development-path-before-map-windows-mythology-2026-09-23.md,already_present_exact_bytes
the-final-decision-v7-working.zip (previous working package),working_package_member,99-archive/v6-planning-iterations/v6-development-path-before-message-route-2026-09-24.md,950b0b6fc3ecfdcbe5c468af57793aacb57b75bde0942c5eb265abc4ae827335,99-archive/v6-planning-iterations/v6-development-path-before-message-route-2026-09-24.md,already_present_exact_bytes
the-final-decision-v7-working.zip (previous working package),working_package_member,99-archive/v6-planning-iterations/v6-development-path-before-parental-forgiveness-2026-09-24.md,dd93bfad8bf73e2e08d1a73bd1486059919058ca2af09e10ebbf9614c842f7a8,99-archive/v6-planning-iterations/v6-development-path-before-parental-forgiveness-2026-09-24.md,already_present_exact_bytes
the-final-decision-v7-working.zip (previous working package),working_package_member,99-archive/v6-planning-iterations/v6-development-path-before-preserved-options-2026-09-23.md,2938cdd1e764e1d97e57a941c6f49afe286752214a02167ac8b9e8bb47d89316,99-archive/v6-planning-iterations/v6-development-path-before-preserved-options-2026-09-23.md,already_present_exact_bytes
the-final-decision-v7-working.zip (previous working package),working_package_member,99-archive/v6-planning-iterations/v6-development-path-before-quiet-ending-assessment-2026-09-23.md,d2efc942429acc10106d5d1caebd61b9d76732128cbc74636c0b5b23fcbc4ea3,99-archive/v6-planning-iterations/v6-development-path-before-quiet-ending-assessment-2026-09-23.md,already_present_exact_bytes
the-final-decision-v7-working.zip (previous working package),working_package_member,99-archive/v6-planning-iterations/v6-development-path-before-quiet-transition-2026-09-23.md,d6f58c8c3e59610b8c345b24e38533affcaf4858a4464f4259f32ada535ad032,99-archive/v6-planning-iterations/v6-development-path-before-quiet-transition-2026-09-23.md,already_present_exact_bytes
the-final-decision-v7-working.zip (previous working package),working_package_member,99-archive/v6-planning-iterations/v6-development-path-before-ruth-handover-2026-09-23.md,0260b9f93b26c5bc18adc85e4998076320bc131e7f1cadeefa431a57978b9962,99-archive/v6-planning-iterations/v6-development-path-before-ruth-handover-2026-09-23.md,already_present_exact_bytes
the-final-decision-v7-working.zip (previous working package),working_package_member,99-archive/v6-planning-iterations/v6-readiness-assessment-2026-09-23-before-human-choice-refinements.md,e49e21b0513116d4859823590b44a6b781e6aecfa10c35593f34c4c76907f0c6,99-archive/v6-planning-iterations/v6-readiness-assessment-2026-09-23-before-human-choice-refinements.md,already_present_exact_bytes
the-final-decision-v7-working.zip (previous working package),working_package_member,99-archive/v6-planning-iterations/v6-readiness-assessment-2026-09-23-before-publication-lead.md,dc67fa74f73c377cccc335b712e65ce2548bffba6d5c1dd80b26f0f042444729,99-archive/v6-planning-iterations/v6-readiness-assessment-2026-09-23-before-publication-lead.md,already_present_exact_bytes
the-final-decision-v7-working.zip (previous working package),working_package_member,99-archive/v6-planning-iterations/v6-readiness-assessment-before-daniel-letter-2026-09-23.md,1238ba2f4be50a1f8cce00778445535dd3bf1fb381431f459f49644e9857be4a,99-archive/v6-planning-iterations/v6-readiness-assessment-before-daniel-letter-2026-09-23.md,already_present_exact_bytes
the-final-decision-v7-working.zip (previous working package),working_package_member,99-archive/v6-planning-iterations/v6-readiness-assessment-before-family-contact-2026-09-23.md,df062a79ec1a0a51173dad98c7c971d2fe2e55571239103162d52caffca96bc5,99-archive/v6-planning-iterations/v6-readiness-assessment-before-family-contact-2026-09-23.md,already_present_exact_bytes
the-final-decision-v7-working.zip (previous working package),working_package_member,99-archive/v6-planning-iterations/v6-readiness-assessment-before-ruth-handover-2026-09-23.md,6a3d01bd009e4af0d3de47f6fe2ec6c53271180aa8960f012a8473278025ba56,99-archive/v6-planning-iterations/v6-readiness-assessment-before-ruth-handover-2026-09-23.md,already_present_exact_bytes
the-final-decision-v7-working.zip (previous working package),working_package_member,99-archive/v6-planning-iterations/v6-todo-before-ant-and-reunion-2026-09-24.md,04b337f986f2600de9ad67c27a2fc75626221bbde608b0f66c398f3b8cad3f70,99-archive/v6-planning-iterations/v6-todo-before-ant-and-reunion-2026-09-24.md,already_present_exact_bytes
the-final-decision-v7-working.zip (previous working package),working_package_member,99-archive/v6-planning-iterations/v6-todo-before-chain-rock-2026-09-24.md,c861ad420142f977fa3552f3f6152751801a93b176aa4ceac1bb2077b55e1b4f,99-archive/v6-planning-iterations/v6-todo-before-chain-rock-2026-09-24.md,already_present_exact_bytes
the-final-decision-v7-working.zip (previous working package),working_package_member,99-archive/v6-planning-iterations/v6-todo-before-chapter-outline-2026-09-24.md,33f1f17641bc474d27edd40bfaddaa797f53a8b3875b4c829f3f25c49736bf79,99-archive/v6-planning-iterations/v6-todo-before-chapter-outline-2026-09-24.md,already_present_exact_bytes
the-final-decision-v7-working.zip (previous working package),working_package_member,99-archive/v6-planning-iterations/v6-todo-before-colleague-commentary.md,cbc20f7a3a48215e044fbb0eb29ffa81d0e392451a2ec089a019a0b2a7273dc3,99-archive/v6-planning-iterations/v6-todo-before-colleague-commentary.md,already_present_exact_bytes
the-final-decision-v7-working.zip (previous working package),working_package_member,99-archive/v6-planning-iterations/v6-todo-before-contact-strategy.md,65635a8386240d191cee36284343e34a5fd468e3c94d98f29b215c401287d2ca,99-archive/v6-planning-iterations/v6-todo-before-contact-strategy.md,already_present_exact_bytes
the-final-decision-v7-working.zip (previous working package),working_package_member,99-archive/v6-planning-iterations/v6-todo-before-daniel-letter-2026-09-23.md,08f83b4f08f1bdfb8fc8a22e1ffe92eb66ef825fc3fb5a58a5829e436de1a0cd,99-archive/v6-planning-iterations/v6-todo-before-daniel-letter-2026-09-23.md,already_present_exact_bytes
the-final-decision-v7-working.zip (previous working package),working_package_member,99-archive/v6-planning-iterations/v6-todo-before-family-contact-2026-09-23.md,df1a5cb78b400d1d40510ea2d2179b0985128b20c0b0ffa2645f103d92a7161b,99-archive/v6-planning-iterations/v6-todo-before-family-contact-2026-09-23.md,already_present_exact_bytes
the-final-decision-v7-working.zip (previous working package),working_package_member,99-archive/v6-planning-iterations/v6-todo-before-habitat-meaning-2026-09-23.md,a2176183c4a29c65ddae2a6774dbcf88db73390b3275dfb6654ab2497280ace9,99-archive/v6-planning-iterations/v6-todo-before-habitat-meaning-2026-09-23.md,already_present_exact_bytes
the-final-decision-v7-working.zip (previous working package),working_package_member,99-archive/v6-planning-iterations/v6-todo-before-hesk-trust-closure-2026-09-23.md,50faec15c810179940a130b1ac77afd9774e7f926cf51b1d56c1c6ab819aa890,99-archive/v6-planning-iterations/v6-todo-before-hesk-trust-closure-2026-09-23.md,already_present_exact_bytes
the-final-decision-v7-working.zip (previous working package),working_package_member,99-archive/v6-planning-iterations/v6-todo-before-human-choice-refinements.md,a925d5ce695ff0f7d0459794ddab443f08dec4f5968d0b89149dfb881f960955,99-archive/v6-planning-iterations/v6-todo-before-human-choice-refinements.md,already_present_exact_bytes
the-final-decision-v7-working.zip (previous working package),working_package_member,99-archive/v6-planning-iterations/v6-todo-before-map-windows-mythology-2026-09-23.md,43f175a75ee6a26f98aa90ce02433e3f180526f7882d29d7af289e1282a90354,99-archive/v6-planning-iterations/v6-todo-before-map-windows-mythology-2026-09-23.md,already_present_exact_bytes
the-final-decision-v7-working.zip (previous working package),working_package_member,99-archive/v6-planning-iterations/v6-todo-before-message-route-2026-09-24.md,f14d18f305456832fbfdd600fe3adba91b6b3a18d10213e1612d1acdb313dd9a,99-archive/v6-planning-iterations/v6-todo-before-message-route-2026-09-24.md,already_present_exact_bytes
the-final-decision-v7-working.zip (previous working package),working_package_member,99-archive/v6-planning-iterations/v6-todo-before-parental-forgiveness-2026-09-24.md,2e8b0c068311f1be42731940155ec430bc60569d995ea9faddabc42503ad160c,99-archive/v6-planning-iterations/v6-todo-before-parental-forgiveness-2026-09-24.md,already_present_exact_bytes
the-final-decision-v7-working.zip (previous working package),working_package_member,99-archive/v6-planning-iterations/v6-todo-before-preserved-options-2026-09-23.md,74b2e60a92246987779776712408e697fae25ddbf6b5dbc9fbf6510894d31795,99-archive/v6-planning-iterations/v6-todo-before-preserved-options-2026-09-23.md,already_present_exact_bytes
the-final-decision-v7-working.zip (previous working package),working_package_member,99-archive/v6-planning-iterations/v6-todo-before-publication-lead.md,528b5590231a8bbc9277cb1ae88a63b17cb824b325d114acb3c6a2efadf79bc8,99-archive/v6-planning-iterations/v6-todo-before-publication-lead.md,already_present_exact_bytes
the-final-decision-v7-working.zip (previous working package),working_package_member,99-archive/v6-planning-iterations/v6-todo-before-quiet-ending-assessment-2026-09-23.md,c0b59ae695079b78c9cb323ad5cf46a10365aa8065a2fdd31483b7ebc22a5580,99-archive/v6-planning-iterations/v6-todo-before-quiet-ending-assessment-2026-09-23.md,already_present_exact_bytes
the-final-decision-v7-working.zip (previous working package),working_package_member,99-archive/v6-planning-iterations/v6-todo-before-quiet-transition-2026-09-23.md,3cc6d20a27f562daa6b208cc05d9807cf555b2c17681ff1487e4dd2fa6471078,99-archive/v6-planning-iterations/v6-todo-before-quiet-transition-2026-09-23.md,already_present_exact_bytes
the-final-decision-v7-working.zip (previous working package),working_package_member,99-archive/v6-planning-iterations/v6-todo-before-ruth-handover-2026-09-23.md,62b8a1ffe9df94707e263c9e21dbbd26fe75d85e08ecfc01992538a8a267013f,99-archive/v6-planning-iterations/v6-todo-before-ruth-handover-2026-09-23.md,already_present_exact_bytes
the-final-decision-v7-working.zip (previous working package),working_package_member,PROJECT-MERGE-MANIFEST.md,9f658f1c9b19e8fb38c1611fd19e3ad1a95437932f3b84c6d4b1b675b926db7a,PROJECT-MERGE-MANIFEST.md,already_present_exact_bytes
the-final-decision-v7-working.zip (previous working package),working_package_member,README.md,9aadd9343d9688fcf54f1a7d8fda31e20cc3aeccb5cb95b473f7ef3110a832e5,99-archive/pre-zip-consolidation-reference/README.md,already_present_exact_bytes
/Ascension Book/author-clarifications-2026-09-22.md,standalone_document,,e65a8b9534b92708897c557b27ec88c9d52c25b224bbbee8bdc74833d4147330,99-archive/pre-v4-reference/06-development-notes/author-clarifications-2026-09-22.md,already_present_exact_bytes
/Ascension Book/book-one-paradise-v3-review-2026-09-23.md,standalone_document,,25d99788e1ed7b7d85a686bd23db1604ae6e7fe352c58b98b008a5491dcc4f6a,99-archive/pre-v4-reference/06-development-notes/book-one-paradise-v3-review-2026-09-23.md,already_present_exact_bytes
/Ascension Book/book-one-paradise-v4.md,standalone_document,,857450819083bc6424b1a0badb0550c18285082caf134d5b2539c59aff778721,02-book-one/book-one-paradise-v4.md,already_present_exact_bytes
/Ascension Book/book-one-paradise-v4.pdf,standalone_document,,0445755c8dd0a31f9e3baedcd4115822dd1b99c92b5179b7f9c4587077a30e10,99-archive/recovered-standalone-versions/book-one-paradise-v4.pdf,added_distinct_historical_content
/Ascension Book/book-one-paradise-v5.md,standalone_document,,a6bd4771632300de92cdd0864c355edc2075f8457e35eb6676f2476023bda7d2,02-book-one/book-one-paradise-v5.md,already_present_exact_bytes
/Ascension Book/book-one-paradise-v5.pdf,standalone_document,,5ef458e6659b1159946c47c08a7ff3da39abd7ffd385cfef4577ce6ef6390fb5,99-archive/recovered-standalone-versions/book-one-paradise-v5.pdf,added_distinct_historical_content
/Ascension Book/book-one-paradise-v6.md,standalone_document,,fcdb5258bfe5f57244a24c694a94eb8071e84d2895fc3d880720fecc43a20150,02-book-one/book-one-paradise-v6.md,already_present_exact_bytes
/Ascension Book/book-one-paradise-v6.pdf,standalone_document,,f8958ee1577ddb4784918cc026e495e4c3716cad2b950efbe69b22354f930bbf,99-archive/recovered-standalone-versions/book-one-paradise-v6.pdf,added_distinct_historical_content
/Ascension Book/book-one-paradise-v7-working.md,standalone_document,,488c06b7caef56825e22ed88e3373158afe9b710cfb4bf44ec6d38d3e97662a3,02-book-one/book-one-paradise-v7-working.md,already_present_exact_bytes
/Ascension Book/book-three-seeding-and-successor-arks-2026-09-24.md,standalone_document,,0c7fd68affb7b254f01f1dcf4c5985c79d189019f7b2576d4ef70a2624e2790c,06-development-notes/book-three-seeding-and-successor-arks-2026-09-24.md,already_present_exact_bytes
/Ascension Book/BOOK_ONE_PROVISIONAL_DESIGN_NOTES_LONGEVITY_REALITY_AND_THE_ARK.md,standalone_document,,703822c4df1fc05f235b250571ac9220f9d8d6998dc0795599d16876f11d9b2d,99-archive/pre-v4-reference/06-development-notes/provisional-design-notes-longevity-reality-ark.md,already_present_exact_bytes
/Ascension Book/consciousness-preservation-and-renewal-2026-09-24.md,standalone_document,,9e132a340e0df7c22bc45fb82cfa084692999e121e4399ed1b4dc5cba6e307be,06-development-notes/consciousness-preservation-and-renewal-2026-09-24.md,already_present_exact_bytes
/Ascension Book/current-plot-summary-books-one-and-two.md,standalone_document,,f97ff4c140c30dacb1d245c34e4a6175efe2f9adc35426130714eb091681e244,99-archive/pre-v4-reference/06-development-notes/current-plot-summary-books-one-and-two.md,already_present_exact_bytes
/Ascension Book/philosophy-scene-map-and-progress-2026-09-24.md,standalone_document,,0bfd65ff60600bf1b5d47a32ccc5692c2aecc3293df44b3296588072ad5c3cfd,06-development-notes/philosophy-scene-map-and-progress-2026-09-24.md,already_present_exact_bytes
/Ascension Book/plot-clarifications-and-mystery-boundaries-2026-09-22.md,standalone_document,,fce115cb0e6592c45f24822df0a1403c1ae3acf797ff1b8013d77b27eeb9d6c6,99-archive/pre-v4-reference/06-development-notes/plot-clarifications-and-mystery-boundaries-2026-09-22.md,already_present_exact_bytes
/Ascension Book/post-v4-author-notes-2026-09-23.md,standalone_document,,0fe0ab9ebc5d2f072b3446304e247353c6c6a533693bafe8b7473084e5904353,99-archive/pre-v5-reference/06-development-notes/post-v4-author-notes-2026-09-23.md,already_present_exact_bytes
/Ascension Book/the-final-decision-book-one-draft-1-revision-notes.md,standalone_document,,0760be06b2961e03c51140e93a2d95b0852c39e08f4001828299e90f5232b253,99-archive/recovered-standalone-versions/the-final-decision-book-one-draft-1-revision-notes.md,added_distinct_historical_content
/Ascension Book/the-final-decision-consolidated.zip,historical_package_member,the-final-decision/.gitignore,5ed259eeea458683da33850a003cad867014951687bc5154dec067f6adcb741b,.gitignore,already_present_exact_bytes
/Ascension Book/the-final-decision-consolidated.zip,historical_package_member,the-final-decision/01-bible/bible.md,de80291b9aa6cfea7d6290b9389e30c6a59b7f2ae277542aeba8f2c59441c007,99-archive/recovered-package-versions/source-01-the-final-decision-consolidated/01-bible/bible.md,added_distinct_historical_content
/Ascension Book/the-final-decision-consolidated.zip,historical_package_member,the-final-decision/02-book-one/book-one-paradise-v3.pdf,84c9f2bfeb9bd866c446e534b7a51e7c8429ddc9f45f6fa04333dfeb3eabcbc6,02-book-one/book-one-paradise-v3.pdf,already_present_exact_bytes
/Ascension Book/the-final-decision-consolidated.zip,historical_package_member,the-final-decision/02-book-one/book-one-paradise.md,ca6e0f154605c0c949d1d130eb8d93ce916182ba5e4e6411d8f51d09c23747b0,02-book-one/book-one-paradise.md,already_present_exact_bytes
/Ascension Book/the-final-decision-consolidated.zip,historical_package_member,the-final-decision/02-book-one/book-one-paradise.pdf,32c361ab265a3a6a8c3af2c609b6a9b5388dead511c891e9ce3db87bb7bfa976,02-book-one/book-one-paradise.pdf,already_present_exact_bytes
/Ascension Book/the-final-decision-consolidated.zip,historical_package_member,the-final-decision/03-screen/crossing-sequence.md,9f3d6a4db25ccc5d9e9c0010c44fa7c8eccd7559697ea3656c67eee9ddd5af9a,03-screen/crossing-sequence.md,already_present_exact_bytes
/Ascension Book/the-final-decision-consolidated.zip,historical_package_member,the-final-decision/03-screen/pilot-and-pitch.md,f6a2a35538a948c6e2d5207c8675d4a75c86102b4a8231f6d35ee4397ae58fc9,03-screen/pilot-and-pitch.md,already_present_exact_bytes
/Ascension Book/the-final-decision-consolidated.zip,historical_package_member,the-final-decision/04-characters/character-sheets.md,5e3e25e1acb9958b9be17e42fdc239f433fb19e321ea83e976749418bad859ec,99-archive/recovered-package-versions/source-01-the-final-decision-consolidated/04-characters/character-sheets.md,added_distinct_historical_content
/Ascension Book/the-final-decision-consolidated.zip,historical_package_member,the-final-decision/05-art/laniakea-tree.png,9fe7c4268f25209f014bb3561ed78bebfb680ca2119da8ace99a6202241e4552,05-art/laniakea-tree.png,already_present_exact_bytes
/Ascension Book/the-final-decision-consolidated.zip,historical_package_member,the-final-decision/06-development-notes/README.md,799eb9bb4e77b1d38e1b4d8b8868a65add9d8cbf6f108cfd75caa069cf840fba,99-archive/recovered-package-versions/source-01-the-final-decision-consolidated/06-development-notes/README.md,added_distinct_historical_content
/Ascension Book/the-final-decision-consolidated.zip,historical_package_member,the-final-decision/06-development-notes/author-clarifications-2026-09-22.md,e65a8b9534b92708897c557b27ec88c9d52c25b224bbbee8bdc74833d4147330,99-archive/pre-v4-reference/06-development-notes/author-clarifications-2026-09-22.md,already_present_exact_bytes
/Ascension Book/the-final-decision-consolidated.zip,historical_package_member,the-final-decision/06-development-notes/book-one-paradise-v3-review-2026-09-23.md,25d99788e1ed7b7d85a686bd23db1604ae6e7fe352c58b98b008a5491dcc4f6a,99-archive/pre-v4-reference/06-development-notes/book-one-paradise-v3-review-2026-09-23.md,already_present_exact_bytes
/Ascension Book/the-final-decision-consolidated.zip,historical_package_member,the-final-decision/06-development-notes/current-plot-summary-books-one-and-two.md,f97ff4c140c30dacb1d245c34e4a6175efe2f9adc35426130714eb091681e244,99-archive/pre-v4-reference/06-development-notes/current-plot-summary-books-one-and-two.md,already_present_exact_bytes
/Ascension Book/the-final-decision-consolidated.zip,historical_package_member,the-final-decision/06-development-notes/draft-1-editorial-review.md,fe41aa031d392bc21d97c14fb6ffbcc3254bfa9ee0e0ee2f3696707672c45cad,99-archive/pre-v4-reference/06-development-notes/draft-1-editorial-review.md,already_present_exact_bytes
/Ascension Book/the-final-decision-consolidated.zip,historical_package_member,the-final-decision/06-development-notes/plot-clarifications-and-mystery-boundaries-2026-09-22.md,fce115cb0e6592c45f24822df0a1403c1ae3acf797ff1b8013d77b27eeb9d6c6,99-archive/pre-v4-reference/06-development-notes/plot-clarifications-and-mystery-boundaries-2026-09-22.md,already_present_exact_bytes
/Ascension Book/the-final-decision-consolidated.zip,historical_package_member,the-final-decision/06-development-notes/provisional-design-notes-longevity-reality-ark.md,703822c4df1fc05f235b250571ac9220f9d8d6998dc0795599d16876f11d9b2d,99-archive/pre-v4-reference/06-development-notes/provisional-design-notes-longevity-reality-ark.md,already_present_exact_bytes
/Ascension Book/the-final-decision-consolidated.zip,historical_package_member,the-final-decision/99-archive/2026-09-session-notes/author-clarifications-source-2026-09-22.md,c48dd07ac7f525002a40737b3e66ea5bd4ffcfe1cf031fd7954208a3d6b5b94c,99-archive/2026-09-session-notes/author-clarifications-source-2026-09-22.md,already_present_exact_bytes
/Ascension Book/the-final-decision-consolidated.zip,historical_package_member,the-final-decision/99-archive/2026-09-session-notes/longevity-daniel-lab-professions.md,6016ea1d3c85bc1c79195e4c613389c671d496ea442e05a67e43dfd58085b273,99-archive/2026-09-session-notes/longevity-daniel-lab-professions.md,already_present_exact_bytes
/Ascension Book/the-final-decision-consolidated.zip,historical_package_member,the-final-decision/99-archive/2026-09-session-notes/plot-clarifications-source-2026-09-22.md,311996579773f758355c33daf20fc6facd058af0e5e7d5aa6a534c37647e99dd,99-archive/2026-09-session-notes/plot-clarifications-source-2026-09-22.md,already_present_exact_bytes
/Ascension Book/the-final-decision-consolidated.zip,historical_package_member,the-final-decision/99-archive/2026-09-session-notes/reality-haven-ark-exploration.md,f4df4d4dbedcdfd06fde64057ff0c0c5c369a247eba30f78b7c9e2c24f2a4006,99-archive/2026-09-session-notes/reality-haven-ark-exploration.md,already_present_exact_bytes
/Ascension Book/the-final-decision-consolidated.zip,historical_package_member,the-final-decision/99-archive/master-working-doc.md,f76c48503d76cece3a8ceeab6a9b5af2798f946b23d403a91eb6c4b0653beedc,99-archive/master-working-doc.md,already_present_exact_bytes
/Ascension Book/the-final-decision-consolidated.zip,historical_package_member,the-final-decision/PROJECT-MERGE-MANIFEST.md,61fa9293d061afd65f44bb9442a6ce7d08dcf8f25f2c7acb46afbbc35bb99f0b,99-archive/recovered-package-versions/source-01-the-final-decision-consolidated/PROJECT-MERGE-MANIFEST.md,added_distinct_historical_content
/Ascension Book/the-final-decision-consolidated.zip,historical_package_member,the-final-decision/README.md,4685610673f28cabe3382836bf07861c022ddebe21d0fd907a18c6d549ba537a,99-archive/recovered-package-versions/source-01-the-final-decision-consolidated/README.md,added_distinct_historical_content
/Ascension Book/the-final-decision-cover-line-2026-09-24.md,standalone_document,,977c7ac4f5d955522fdfffbdac6bf9cf6276eb93d408b161f42a3ba9cd24637a,06-development-notes/the-final-decision-cover-line-2026-09-24.md,already_present_exact_bytes
/Ascension Book/the-final-decision-v4.zip,historical_package_member,the-final-decision/.gitignore,5ed259eeea458683da33850a003cad867014951687bc5154dec067f6adcb741b,.gitignore,already_present_exact_bytes
/Ascension Book/the-final-decision-v4.zip,historical_package_member,the-final-decision/01-bible/bible.md,315b85b13a8f447e48592df7da3ea1252177be96b6c927e738b9be3364e1cee3,99-archive/pre-v5-reference/01-bible/bible.md,already_present_exact_bytes
/Ascension Book/the-final-decision-v4.zip,historical_package_member,the-final-decision/02-book-one/book-one-paradise-v2.md,86495a159014369b715a8d6d79102f11144d14731b31aa0a14ec468166edadd2,02-book-one/book-one-paradise-v2.md,already_present_exact_bytes
/Ascension Book/the-final-decision-v4.zip,historical_package_member,the-final-decision/02-book-one/book-one-paradise-v2.pdf,4a2b08d9cce4ba223fc5a1c03a7cf7bd93fac6891d1d7ca7032d63c6c2990129,02-book-one/book-one-paradise-v2.pdf,already_present_exact_bytes
/Ascension Book/the-final-decision-v4.zip,historical_package_member,the-final-decision/02-book-one/book-one-paradise-v3.md,654f3ce6894a0ca79f83c79c46ec2fed99c33fc69b88f07d7e1a2e4c72903590,02-book-one/book-one-paradise-v3.md,already_present_exact_bytes
/Ascension Book/the-final-decision-v4.zip,historical_package_member,the-final-decision/02-book-one/book-one-paradise-v3.pdf,84c9f2bfeb9bd866c446e534b7a51e7c8429ddc9f45f6fa04333dfeb3eabcbc6,02-book-one/book-one-paradise-v3.pdf,already_present_exact_bytes
/Ascension Book/the-final-decision-v4.zip,historical_package_member,the-final-decision/02-book-one/book-one-paradise-v4.md,857450819083bc6424b1a0badb0550c18285082caf134d5b2539c59aff778721,02-book-one/book-one-paradise-v4.md,already_present_exact_bytes
/Ascension Book/the-final-decision-v4.zip,historical_package_member,the-final-decision/02-book-one/book-one-paradise-v4.pdf,045e203d7dc602979ccfb38c835705dcc8a19d67d2e94dadc172246eff282869,02-book-one/book-one-paradise-v4.pdf,already_present_exact_bytes
/Ascension Book/the-final-decision-v4.zip,historical_package_member,the-final-decision/02-book-one/book-one-paradise.md,ca6e0f154605c0c949d1d130eb8d93ce916182ba5e4e6411d8f51d09c23747b0,02-book-one/book-one-paradise.md,already_present_exact_bytes
/Ascension Book/the-final-decision-v4.zip,historical_package_member,the-final-decision/02-book-one/book-one-paradise.pdf,32c361ab265a3a6a8c3af2c609b6a9b5388dead511c891e9ce3db87bb7bfa976,02-book-one/book-one-paradise.pdf,already_present_exact_bytes
/Ascension Book/the-final-decision-v4.zip,historical_package_member,the-final-decision/03-screen/crossing-sequence.md,9f3d6a4db25ccc5d9e9c0010c44fa7c8eccd7559697ea3656c67eee9ddd5af9a,03-screen/crossing-sequence.md,already_present_exact_bytes
/Ascension Book/the-final-decision-v4.zip,historical_package_member,the-final-decision/03-screen/pilot-and-pitch.md,f6a2a35538a948c6e2d5207c8675d4a75c86102b4a8231f6d35ee4397ae58fc9,03-screen/pilot-and-pitch.md,already_present_exact_bytes
/Ascension Book/the-final-decision-v4.zip,historical_package_member,the-final-decision/04-characters/character-sheets.md,5878a5270b36762c48561aebef3de84d1f33fe714f7027cc6802662f06338cef,99-archive/pre-v5-reference/04-characters/character-sheets.md,already_present_exact_bytes
/Ascension Book/the-final-decision-v4.zip,historical_package_member,the-final-decision/05-art/laniakea-tree.png,9fe7c4268f25209f014bb3561ed78bebfb680ca2119da8ace99a6202241e4552,05-art/laniakea-tree.png,already_present_exact_bytes
/Ascension Book/the-final-decision-v4.zip,historical_package_member,the-final-decision/06-development-notes/README.md,e488e80a6de3b20dc848e7043889eb09f46d0e6c4178ecfa5312ce75e9b26907,99-archive/pre-v5-reference/06-development-notes/README.md,already_present_exact_bytes
/Ascension Book/the-final-decision-v4.zip,historical_package_member,the-final-decision/06-development-notes/author-clarifications-2026-09-22.md,3c6a09ab0eac7047a14fca37d88d4a9fbb0d6c0f72f90490e934e5af4ca993ca,06-development-notes/author-clarifications-2026-09-22.md,already_present_exact_bytes
/Ascension Book/the-final-decision-v4.zip,historical_package_member,the-final-decision/06-development-notes/book-one-paradise-v3-review-2026-09-23.md,0563ae8301dc618739d14dcd423118b51e2c70a58f5a1c58c1aa50ba420e0e0b,06-development-notes/book-one-paradise-v3-review-2026-09-23.md,already_present_exact_bytes
/Ascension Book/the-final-decision-v4.zip,historical_package_member,the-final-decision/06-development-notes/current-plot-summary-books-one-and-two.md,a6f811bc730a9599c29efa14d3a8963b96e48e472c05d71cd3f2161ff9a30ae8,99-archive/pre-v5-reference/06-development-notes/current-plot-summary-books-one-and-two.md,already_present_exact_bytes
/Ascension Book/the-final-decision-v4.zip,historical_package_member,the-final-decision/06-development-notes/draft-1-editorial-review.md,4af020e29ec182ce83b94a7bd01ec6500399a1cd1703c0e93c731bb6284488ed,06-development-notes/draft-1-editorial-review.md,already_present_exact_bytes
/Ascension Book/the-final-decision-v4.zip,historical_package_member,the-final-decision/06-development-notes/plot-clarifications-and-mystery-boundaries-2026-09-22.md,5385ec4c8a9a0c3007a3476e28940c3aa09b94a754e11451e52891f9bc5b79de,06-development-notes/plot-clarifications-and-mystery-boundaries-2026-09-22.md,already_present_exact_bytes
/Ascension Book/the-final-decision-v4.zip,historical_package_member,the-final-decision/06-development-notes/post-v4-author-notes-2026-09-23.md,0fe0ab9ebc5d2f072b3446304e247353c6c6a533693bafe8b7473084e5904353,99-archive/pre-v5-reference/06-development-notes/post-v4-author-notes-2026-09-23.md,already_present_exact_bytes
/Ascension Book/the-final-decision-v4.zip,historical_package_member,the-final-decision/06-development-notes/provisional-design-notes-longevity-reality-ark.md,b9f539fec11bed8637671c0be1fa5a292d956d738d23420b8e6df3b5ef098092,06-development-notes/provisional-design-notes-longevity-reality-ark.md,already_present_exact_bytes
/Ascension Book/the-final-decision-v4.zip,historical_package_member,the-final-decision/06-development-notes/review-and-open-items-2026-09-22.md,e38883a960b5c9433d5644e62fab7ec71d6a7dd13f8b2653c9dee24762ba7e66,06-development-notes/review-and-open-items-2026-09-22.md,already_present_exact_bytes
/Ascension Book/the-final-decision-v4.zip,historical_package_member,the-final-decision/06-development-notes/v4-revision-notes-2026-09-23.md,61326df34a8f2790a3d754ccca4560ff2f59edb1e960ca3113868d2b5dc79654,06-development-notes/v4-revision-notes-2026-09-23.md,already_present_exact_bytes
/Ascension Book/the-final-decision-v4.zip,historical_package_member,the-final-decision/07-scene-workshop/book1-additions-per-chapter-2026-09-22.md,ad15b5e45b17a0cde7f54a48b60bfc44fcd2e5609bbc0ed6edb780c4a976f429,07-scene-workshop/book1-additions-per-chapter-2026-09-22.md,already_present_exact_bytes
/Ascension Book/the-final-decision-v4.zip,historical_package_member,the-final-decision/07-scene-workshop/paranoia-scenes-v1.md,3dbc9148c5bca8d6d6dd9fd4e87e8af03686ac601e69d9141df0c60b29aa9949,07-scene-workshop/paranoia-scenes-v1.md,already_present_exact_bytes
/Ascension Book/the-final-decision-v4.zip,historical_package_member,the-final-decision/07-scene-workshop/structure-and-motifs-2026-09-22.md,519d0d48b5ac6bf1804ce4f86e1237c62be6c403266c8eda6679443efb7b0f82,07-scene-workshop/structure-and-motifs-2026-09-22.md,already_present_exact_bytes
/Ascension Book/the-final-decision-v4.zip,historical_package_member,the-final-decision/08-production/README.md,093b7dddc7c1b3d7326304fd90d76f2aef894fdf81dd9bacc7614109f5c6ee93,99-archive/pre-v5-reference/08-production/README.md,already_present_exact_bytes
/Ascension Book/the-final-decision-v4.zip,historical_package_member,the-final-decision/08-production/render-book.py,3774559856c86a87b977a02154feec85dc0e94423ba84b4481987e158458b183,08-production/render-book.py,already_present_exact_bytes
/Ascension Book/the-final-decision-v4.zip,historical_package_member,the-final-decision/08-production/v4-validation.json,a5436ccf12a7db4292525850f1c3d858c27646322f8fa611d6cec4dbaedbef79,08-production/v4-validation.json,already_present_exact_bytes
/Ascension Book/the-final-decision-v4.zip,historical_package_member,the-final-decision/99-archive/2026-09-session-notes/author-clarifications-source-2026-09-22.md,c48dd07ac7f525002a40737b3e66ea5bd4ffcfe1cf031fd7954208a3d6b5b94c,99-archive/2026-09-session-notes/author-clarifications-source-2026-09-22.md,already_present_exact_bytes
/Ascension Book/the-final-decision-v4.zip,historical_package_member,the-final-decision/99-archive/2026-09-session-notes/longevity-daniel-lab-professions.md,6016ea1d3c85bc1c79195e4c613389c671d496ea442e05a67e43dfd58085b273,99-archive/2026-09-session-notes/longevity-daniel-lab-professions.md,already_present_exact_bytes
/Ascension Book/the-final-decision-v4.zip,historical_package_member,the-final-decision/99-archive/2026-09-session-notes/plot-clarifications-source-2026-09-22.md,311996579773f758355c33daf20fc6facd058af0e5e7d5aa6a534c37647e99dd,99-archive/2026-09-session-notes/plot-clarifications-source-2026-09-22.md,already_present_exact_bytes
/Ascension Book/the-final-decision-v4.zip,historical_package_member,the-final-decision/99-archive/2026-09-session-notes/reality-haven-ark-exploration.md,f4df4d4dbedcdfd06fde64057ff0c0c5c369a247eba30f78b7c9e2c24f2a4006,99-archive/2026-09-session-notes/reality-haven-ark-exploration.md,already_present_exact_bytes
/Ascension Book/the-final-decision-v4.zip,historical_package_member,the-final-decision/99-archive/master-working-doc.md,f76c48503d76cece3a8ceeab6a9b5af2798f946b23d403a91eb6c4b0653beedc,99-archive/master-working-doc.md,already_present_exact_bytes
/Ascension Book/the-final-decision-v4.zip,historical_package_member,the-final-decision/99-archive/post-v4-notes/notes-before-seven-thresholds-2026-09-23.md,1e0724e4b89b6d3a29682a02be231ad8c09c08356cefa7457de26eca5986be6a,99-archive/post-v4-notes/notes-before-seven-thresholds-2026-09-23.md,already_present_exact_bytes
/Ascension Book/the-final-decision-v4.zip,historical_package_member,the-final-decision/99-archive/pre-v4-reference/01-bible/bible.md,1d67a623a7c986f403dad66a24a97245cff353f064b61687d878be8ce5b9897c,99-archive/pre-v4-reference/01-bible/bible.md,already_present_exact_bytes
/Ascension Book/the-final-decision-v4.zip,historical_package_member,the-final-decision/99-archive/pre-v4-reference/04-characters/character-sheets.md,63d634fd05f7ebdfcc0dff687dee79aff5a41e9c1b4e6737e18bc9f25b14d84b,99-archive/pre-v4-reference/04-characters/character-sheets.md,already_present_exact_bytes
/Ascension Book/the-final-decision-v4.zip,historical_package_member,the-final-decision/99-archive/pre-v4-reference/06-development-notes/README.md,d4dddc4a319f1903da469487efe2987160b95bccf3029f9a9370ddf632cdf769,99-archive/pre-v4-reference/06-development-notes/README.md,already_present_exact_bytes
/Ascension Book/the-final-decision-v4.zip,historical_package_member,the-final-decision/99-archive/pre-v4-reference/06-development-notes/author-clarifications-2026-09-22.md,e65a8b9534b92708897c557b27ec88c9d52c25b224bbbee8bdc74833d4147330,99-archive/pre-v4-reference/06-development-notes/author-clarifications-2026-09-22.md,already_present_exact_bytes
/Ascension Book/the-final-decision-v4.zip,historical_package_member,the-final-decision/99-archive/pre-v4-reference/06-development-notes/book-one-paradise-v3-review-2026-09-23.md,25d99788e1ed7b7d85a686bd23db1604ae6e7fe352c58b98b008a5491dcc4f6a,99-archive/pre-v4-reference/06-development-notes/book-one-paradise-v3-review-2026-09-23.md,already_present_exact_bytes
/Ascension Book/the-final-decision-v4.zip,historical_package_member,the-final-decision/99-archive/pre-v4-reference/06-development-notes/current-plot-summary-books-one-and-two.md,f97ff4c140c30dacb1d245c34e4a6175efe2f9adc35426130714eb091681e244,99-archive/pre-v4-reference/06-development-notes/current-plot-summary-books-one-and-two.md,already_present_exact_bytes
/Ascension Book/the-final-decision-v4.zip,historical_package_member,the-final-decision/99-archive/pre-v4-reference/06-development-notes/draft-1-editorial-review.md,fe41aa031d392bc21d97c14fb6ffbcc3254bfa9ee0e0ee2f3696707672c45cad,99-archive/pre-v4-reference/06-development-notes/draft-1-editorial-review.md,already_present_exact_bytes
/Ascension Book/the-final-decision-v4.zip,historical_package_member,the-final-decision/99-archive/pre-v4-reference/06-development-notes/plot-clarifications-and-mystery-boundaries-2026-09-22.md,fce115cb0e6592c45f24822df0a1403c1ae3acf797ff1b8013d77b27eeb9d6c6,99-archive/pre-v4-reference/06-development-notes/plot-clarifications-and-mystery-boundaries-2026-09-22.md,already_present_exact_bytes
/Ascension Book/the-final-decision-v4.zip,historical_package_member,the-final-decision/99-archive/pre-v4-reference/06-development-notes/provisional-design-notes-longevity-reality-ark.md,703822c4df1fc05f235b250571ac9220f9d8d6998dc0795599d16876f11d9b2d,99-archive/pre-v4-reference/06-development-notes/provisional-design-notes-longevity-reality-ark.md,already_present_exact_bytes
/Ascension Book/the-final-decision-v4.zip,historical_package_member,the-final-decision/99-archive/pre-v4-reference/06-development-notes/review-and-open-items-2026-09-22.md,201285f0d3afccf940d035902bca0d339cf459f563e38401f4f9c040b2913001,99-archive/pre-v4-reference/06-development-notes/review-and-open-items-2026-09-22.md,already_present_exact_bytes
/Ascension Book/the-final-decision-v4.zip,historical_package_member,the-final-decision/99-archive/pre-v4-reference/07-scene-workshop/book1-additions-per-chapter-2026-09-22.md,0029e2d304595aa2729418b464bb010e3f71c0d407526f234707c6538d0f2ad0,99-archive/pre-v4-reference/07-scene-workshop/book1-additions-per-chapter-2026-09-22.md,already_present_exact_bytes
/Ascension Book/the-final-decision-v4.zip,historical_package_member,the-final-decision/99-archive/pre-v4-reference/07-scene-workshop/paranoia-scenes-v1.md,3e61da610736951f5bcc98f6d45db67374b2c856c0a1facb5ba6da7e9395492b,99-archive/pre-v4-reference/07-scene-workshop/paranoia-scenes-v1.md,already_present_exact_bytes
/Ascension Book/the-final-decision-v4.zip,historical_package_member,the-final-decision/99-archive/pre-v4-reference/07-scene-workshop/structure-and-motifs-2026-09-22.md,7083de902931fe92afb45891bf09c0b2f37bc7b57ea269293f72f6302b62453e,99-archive/pre-v4-reference/07-scene-workshop/structure-and-motifs-2026-09-22.md,already_present_exact_bytes
/Ascension Book/the-final-decision-v4.zip,historical_package_member,the-final-decision/99-archive/pre-v4-reference/PROJECT-MERGE-MANIFEST.md,800771ef5d6f9c3e40a05d01674f05338de32e42c75b4c919ae905848bdaa939,99-archive/pre-v4-reference/PROJECT-MERGE-MANIFEST.md,already_present_exact_bytes
/Ascension Book/the-final-decision-v4.zip,historical_package_member,the-final-decision/99-archive/pre-v4-reference/README.md,1e15139d9041c0530995e9aafd74fcd74f9ee7fa5050bb7fcb9d5a43b332a576,99-archive/pre-v4-reference/README.md,already_present_exact_bytes
/Ascension Book/the-final-decision-v4.zip,historical_package_member,the-final-decision/PROJECT-MERGE-MANIFEST.md,80742ae92df43ea9b26bf834c4e539bc87184b704f0ad7a175d9d3e68b47ff67,99-archive/pre-v5-reference/PROJECT-MERGE-MANIFEST.md,already_present_exact_bytes
/Ascension Book/the-final-decision-v4.zip,historical_package_member,the-final-decision/README.md,8dfd14b4ce4dcd1b9974ba1fde9af7cbc934953a72bc420f60b59202b3e00229,99-archive/pre-v5-reference/README.md,already_present_exact_bytes
/Ascension Book/the-final-decision-v5.zip,historical_package_member,the-final-decision/.gitignore,5ed259eeea458683da33850a003cad867014951687bc5154dec067f6adcb741b,.gitignore,already_present_exact_bytes
/Ascension Book/the-final-decision-v5.zip,historical_package_member,the-final-decision/01-bible/bible.md,471b5a6450c0761a88d498c7c16d227f9b91b5e2385a14e9fed44c020585dcba,99-archive/pre-v6-reference/01-bible/bible.md,already_present_exact_bytes
/Ascension Book/the-final-decision-v5.zip,historical_package_member,the-final-decision/02-book-one/book-one-paradise-v2.md,86495a159014369b715a8d6d79102f11144d14731b31aa0a14ec468166edadd2,02-book-one/book-one-paradise-v2.md,already_present_exact_bytes
/Ascension Book/the-final-decision-v5.zip,historical_package_member,the-final-decision/02-book-one/book-one-paradise-v2.pdf,4a2b08d9cce4ba223fc5a1c03a7cf7bd93fac6891d1d7ca7032d63c6c2990129,02-book-one/book-one-paradise-v2.pdf,already_present_exact_bytes
/Ascension Book/the-final-decision-v5.zip,historical_package_member,the-final-decision/02-book-one/book-one-paradise-v3.md,654f3ce6894a0ca79f83c79c46ec2fed99c33fc69b88f07d7e1a2e4c72903590,02-book-one/book-one-paradise-v3.md,already_present_exact_bytes
/Ascension Book/the-final-decision-v5.zip,historical_package_member,the-final-decision/02-book-one/book-one-paradise-v3.pdf,84c9f2bfeb9bd866c446e534b7a51e7c8429ddc9f45f6fa04333dfeb3eabcbc6,02-book-one/book-one-paradise-v3.pdf,already_present_exact_bytes
/Ascension Book/the-final-decision-v5.zip,historical_package_member,the-final-decision/02-book-one/book-one-paradise-v4.md,857450819083bc6424b1a0badb0550c18285082caf134d5b2539c59aff778721,02-book-one/book-one-paradise-v4.md,already_present_exact_bytes
/Ascension Book/the-final-decision-v5.zip,historical_package_member,the-final-decision/02-book-one/book-one-paradise-v4.pdf,045e203d7dc602979ccfb38c835705dcc8a19d67d2e94dadc172246eff282869,02-book-one/book-one-paradise-v4.pdf,already_present_exact_bytes
/Ascension Book/the-final-decision-v5.zip,historical_package_member,the-final-decision/02-book-one/book-one-paradise-v5.md,a6bd4771632300de92cdd0864c355edc2075f8457e35eb6676f2476023bda7d2,02-book-one/book-one-paradise-v5.md,already_present_exact_bytes
/Ascension Book/the-final-decision-v5.zip,historical_package_member,the-final-decision/02-book-one/book-one-paradise-v5.pdf,71488573ca566436ef1a4c48bb159a6b2d0d84dccbbc22806212e00036d78c41,02-book-one/book-one-paradise-v5.pdf,already_present_exact_bytes
/Ascension Book/the-final-decision-v5.zip,historical_package_member,the-final-decision/02-book-one/book-one-paradise.md,ca6e0f154605c0c949d1d130eb8d93ce916182ba5e4e6411d8f51d09c23747b0,02-book-one/book-one-paradise.md,already_present_exact_bytes
/Ascension Book/the-final-decision-v5.zip,historical_package_member,the-final-decision/02-book-one/book-one-paradise.pdf,32c361ab265a3a6a8c3af2c609b6a9b5388dead511c891e9ce3db87bb7bfa976,02-book-one/book-one-paradise.pdf,already_present_exact_bytes
/Ascension Book/the-final-decision-v5.zip,historical_package_member,the-final-decision/03-screen/crossing-sequence.md,9f3d6a4db25ccc5d9e9c0010c44fa7c8eccd7559697ea3656c67eee9ddd5af9a,03-screen/crossing-sequence.md,already_present_exact_bytes
/Ascension Book/the-final-decision-v5.zip,historical_package_member,the-final-decision/03-screen/pilot-and-pitch.md,f6a2a35538a948c6e2d5207c8675d4a75c86102b4a8231f6d35ee4397ae58fc9,03-screen/pilot-and-pitch.md,already_present_exact_bytes
/Ascension Book/the-final-decision-v5.zip,historical_package_member,the-final-decision/04-characters/character-sheets.md,ec8685b1ba9f397177f8b4e3a41a1a6e88d9639b8877887cec955915e9992882,99-archive/pre-v6-reference/04-characters/character-sheets.md,already_present_exact_bytes
/Ascension Book/the-final-decision-v5.zip,historical_package_member,the-final-decision/04-characters/v6-character-profiles-2026-09-23.md,d880c587ac2ed0c451a9ca4607b734b9e70ef1eab6a0605b9564daea7fd23af0,99-archive/pre-v6-reference/04-characters/v6-character-profiles-2026-09-23.md,already_present_exact_bytes
/Ascension Book/the-final-decision-v5.zip,historical_package_member,the-final-decision/05-art/laniakea-tree.png,9fe7c4268f25209f014bb3561ed78bebfb680ca2119da8ace99a6202241e4552,05-art/laniakea-tree.png,already_present_exact_bytes
/Ascension Book/the-final-decision-v5.zip,historical_package_member,the-final-decision/06-development-notes/README.md,c06d315e5c6d061b204cf99237d0756dcb5bf84b84399025e58006a81e997e21,99-archive/pre-v6-reference/06-development-notes/README.md,already_present_exact_bytes
/Ascension Book/the-final-decision-v5.zip,historical_package_member,the-final-decision/06-development-notes/author-clarifications-2026-09-22.md,3c6a09ab0eac7047a14fca37d88d4a9fbb0d6c0f72f90490e934e5af4ca993ca,06-development-notes/author-clarifications-2026-09-22.md,already_present_exact_bytes
/Ascension Book/the-final-decision-v5.zip,historical_package_member,the-final-decision/06-development-notes/book-one-paradise-v3-review-2026-09-23.md,0563ae8301dc618739d14dcd423118b51e2c70a58f5a1c58c1aa50ba420e0e0b,06-development-notes/book-one-paradise-v3-review-2026-09-23.md,already_present_exact_bytes
/Ascension Book/the-final-decision-v5.zip,historical_package_member,the-final-decision/06-development-notes/current-plot-summary-books-one-and-two.md,57ce79a5895e650a7f604578b449d976cbe6dfbf30c6aff643956e36ebc5919c,99-archive/pre-v6-reference/06-development-notes/current-plot-summary-books-one-and-two.md,already_present_exact_bytes
/Ascension Book/the-final-decision-v5.zip,historical_package_member,the-final-decision/06-development-notes/draft-1-editorial-review.md,4af020e29ec182ce83b94a7bd01ec6500399a1cd1703c0e93c731bb6284488ed,06-development-notes/draft-1-editorial-review.md,already_present_exact_bytes
/Ascension Book/the-final-decision-v5.zip,historical_package_member,the-final-decision/06-development-notes/plot-clarifications-and-mystery-boundaries-2026-09-22.md,5385ec4c8a9a0c3007a3476e28940c3aa09b94a754e11451e52891f9bc5b79de,06-development-notes/plot-clarifications-and-mystery-boundaries-2026-09-22.md,already_present_exact_bytes
/Ascension Book/the-final-decision-v5.zip,historical_package_member,the-final-decision/06-development-notes/post-v4-author-notes-2026-09-23.md,0f51988a48e6173c4f5868260fa72742ec679d49ef79548fb009fef3c1d79afc,06-development-notes/post-v4-author-notes-2026-09-23.md,already_present_exact_bytes
/Ascension Book/the-final-decision-v5.zip,historical_package_member,the-final-decision/06-development-notes/provisional-design-notes-longevity-reality-ark.md,b9f539fec11bed8637671c0be1fa5a292d956d738d23420b8e6df3b5ef098092,06-development-notes/provisional-design-notes-longevity-reality-ark.md,already_present_exact_bytes
/Ascension Book/the-final-decision-v5.zip,historical_package_member,the-final-decision/06-development-notes/review-and-open-items-2026-09-22.md,e38883a960b5c9433d5644e62fab7ec71d6a7dd13f8b2653c9dee24762ba7e66,06-development-notes/review-and-open-items-2026-09-22.md,already_present_exact_bytes
/Ascension Book/the-final-decision-v5.zip,historical_package_member,the-final-decision/06-development-notes/v4-revision-notes-2026-09-23.md,61326df34a8f2790a3d754ccca4560ff2f59edb1e960ca3113868d2b5dc79654,06-development-notes/v4-revision-notes-2026-09-23.md,already_present_exact_bytes
/Ascension Book/the-final-decision-v5.zip,historical_package_member,the-final-decision/06-development-notes/v5-revision-notes-2026-09-23.md,f5044f95b9fb5a0c527f0f1ed138d3aa2f5ed1430b6c99a17f3c2c82bdd5f4db,06-development-notes/v5-revision-notes-2026-09-23.md,already_present_exact_bytes
/Ascension Book/the-final-decision-v5.zip,historical_package_member,the-final-decision/06-development-notes/v6-chapter-and-clue-outline-2026-09-24.md,2b53f35ac7180fa1b0b41b2ba395b51e1b46962e9dde507e20aec5419e3d2b69,99-archive/pre-v6-reference/06-development-notes/v6-chapter-and-clue-outline-2026-09-24.md,already_present_exact_bytes
/Ascension Book/the-final-decision-v5.zip,historical_package_member,the-final-decision/06-development-notes/v6-contact-strategy-2026-09-24.md,297ef0ed8e49bad8e40672f963bb09545adf1d1eab6d8000042089002568be2e,99-archive/pre-v6-reference/06-development-notes/v6-contact-strategy-2026-09-24.md,already_present_exact_bytes
/Ascension Book/the-final-decision-v5.zip,historical_package_member,the-final-decision/06-development-notes/v6-daniels-letter-2026-09-23.md,ef4b8bef48f237abf775bfe4787d926b3c45e2cea794705fb0b063eff91cfa66,99-archive/pre-v6-reference/06-development-notes/v6-daniels-letter-2026-09-23.md,already_present_exact_bytes
/Ascension Book/the-final-decision-v5.zip,historical_package_member,the-final-decision/06-development-notes/v6-development-path-2026-09-23.md,a6be5d5f0811b2b529233608daff60a36d91f456c7cbd8f24a606cd946e76910,99-archive/pre-v6-reference/06-development-notes/v6-development-path-2026-09-23.md,already_present_exact_bytes
/Ascension Book/the-final-decision-v5.zip,historical_package_member,the-final-decision/06-development-notes/v6-readiness-assessment-2026-09-23.md,e9258b6f42ded2c2f39a9aafb49ae993bacf00d95b02711def6d968d38a2f847,99-archive/pre-v6-reference/06-development-notes/v6-readiness-assessment-2026-09-23.md,already_present_exact_bytes
/Ascension Book/the-final-decision-v5.zip,historical_package_member,the-final-decision/06-development-notes/v6-todo.md,90d96674a7f0c074b522f1a8401853a801ece958d57da0f8a5b734ae089076ec,99-archive/pre-v6-reference/06-development-notes/v6-todo.md,already_present_exact_bytes
/Ascension Book/the-final-decision-v5.zip,historical_package_member,the-final-decision/07-scene-workshop/book1-additions-per-chapter-2026-09-22.md,ad15b5e45b17a0cde7f54a48b60bfc44fcd2e5609bbc0ed6edb780c4a976f429,07-scene-workshop/book1-additions-per-chapter-2026-09-22.md,already_present_exact_bytes
/Ascension Book/the-final-decision-v5.zip,historical_package_member,the-final-decision/07-scene-workshop/paranoia-scenes-v1.md,3dbc9148c5bca8d6d6dd9fd4e87e8af03686ac601e69d9141df0c60b29aa9949,07-scene-workshop/paranoia-scenes-v1.md,already_present_exact_bytes
/Ascension Book/the-final-decision-v5.zip,historical_package_member,the-final-decision/07-scene-workshop/structure-and-motifs-2026-09-22.md,519d0d48b5ac6bf1804ce4f86e1237c62be6c403266c8eda6679443efb7b0f82,07-scene-workshop/structure-and-motifs-2026-09-22.md,already_present_exact_bytes
/Ascension Book/the-final-decision-v5.zip,historical_package_member,the-final-decision/08-production/README.md,30aac1a4defc8d78224ac141664d211843599e124e6f3894a4543a5aba2c75d9,99-archive/pre-v6-reference/08-production/README.md,already_present_exact_bytes
/Ascension Book/the-final-decision-v5.zip,historical_package_member,the-final-decision/08-production/__pycache__/render-book-v5.cpython-312.pyc,bc7ba2a8bc9c66e2b156373d59889f4a8046e532e08b0067ac72dd6f95693664,08-production/__pycache__/render-book-v5.cpython-312.pyc,already_present_exact_bytes
/Ascension Book/the-final-decision-v5.zip,historical_package_member,the-final-decision/08-production/render-book-v5.py,4336ed78d945960a547173fa7c4233c8c6ba2c55c7a0568618c893d3208348c6,08-production/render-book-v5.py,already_present_exact_bytes
/Ascension Book/the-final-decision-v5.zip,historical_package_member,the-final-decision/08-production/render-book.py,3774559856c86a87b977a02154feec85dc0e94423ba84b4481987e158458b183,08-production/render-book.py,already_present_exact_bytes
/Ascension Book/the-final-decision-v5.zip,historical_package_member,the-final-decision/08-production/v4-validation.json,a5436ccf12a7db4292525850f1c3d858c27646322f8fa611d6cec4dbaedbef79,08-production/v4-validation.json,already_present_exact_bytes
/Ascension Book/the-final-decision-v5.zip,historical_package_member,the-final-decision/08-production/v5-validation.json,b213d707e9c53d8bee2ba115f7103fd6c5b6c1732cf407aa76fd51dd1c3ab3f7,08-production/v5-validation.json,already_present_exact_bytes
/Ascension Book/the-final-decision-v5.zip,historical_package_member,the-final-decision/99-archive/2026-09-session-notes/author-clarifications-source-2026-09-22.md,c48dd07ac7f525002a40737b3e66ea5bd4ffcfe1cf031fd7954208a3d6b5b94c,99-archive/2026-09-session-notes/author-clarifications-source-2026-09-22.md,already_present_exact_bytes
/Ascension Book/the-final-decision-v5.zip,historical_package_member,the-final-decision/99-archive/2026-09-session-notes/longevity-daniel-lab-professions.md,6016ea1d3c85bc1c79195e4c613389c671d496ea442e05a67e43dfd58085b273,99-archive/2026-09-session-notes/longevity-daniel-lab-professions.md,already_present_exact_bytes
/Ascension Book/the-final-decision-v5.zip,historical_package_member,the-final-decision/99-archive/2026-09-session-notes/plot-clarifications-source-2026-09-22.md,311996579773f758355c33daf20fc6facd058af0e5e7d5aa6a534c37647e99dd,99-archive/2026-09-session-notes/plot-clarifications-source-2026-09-22.md,already_present_exact_bytes
/Ascension Book/the-final-decision-v5.zip,historical_package_member,the-final-decision/99-archive/2026-09-session-notes/reality-haven-ark-exploration.md,f4df4d4dbedcdfd06fde64057ff0c0c5c369a247eba30f78b7c9e2c24f2a4006,99-archive/2026-09-session-notes/reality-haven-ark-exploration.md,already_present_exact_bytes
/Ascension Book/the-final-decision-v5.zip,historical_package_member,the-final-decision/99-archive/2026-09-session-notes/v6-planning-source-2026-09-23.md,50a88e255bef0949dba281fde134097798fc7b7bc8eeafae8a51e98bfb1f342b,99-archive/recovered-package-versions/source-03-the-final-decision-v5/99-archive/2026-09-session-notes/v6-planning-source-2026-09-23.md,added_distinct_historical_content
/Ascension Book/the-final-decision-v5.zip,historical_package_member,the-final-decision/99-archive/master-working-doc.md,f76c48503d76cece3a8ceeab6a9b5af2798f946b23d403a91eb6c4b0653beedc,99-archive/master-working-doc.md,already_present_exact_bytes
/Ascension Book/the-final-decision-v5.zip,historical_package_member,the-final-decision/99-archive/post-v4-notes/notes-before-seven-thresholds-2026-09-23.md,1e0724e4b89b6d3a29682a02be231ad8c09c08356cefa7457de26eca5986be6a,99-archive/post-v4-notes/notes-before-seven-thresholds-2026-09-23.md,already_present_exact_bytes
/Ascension Book/the-final-decision-v5.zip,historical_package_member,the-final-decision/99-archive/pre-v4-reference/01-bible/bible.md,1d67a623a7c986f403dad66a24a97245cff353f064b61687d878be8ce5b9897c,99-archive/pre-v4-reference/01-bible/bible.md,already_present_exact_bytes
/Ascension Book/the-final-decision-v5.zip,historical_package_member,the-final-decision/99-archive/pre-v4-reference/04-characters/character-sheets.md,63d634fd05f7ebdfcc0dff687dee79aff5a41e9c1b4e6737e18bc9f25b14d84b,99-archive/pre-v4-reference/04-characters/character-sheets.md,already_present_exact_bytes
/Ascension Book/the-final-decision-v5.zip,historical_package_member,the-final-decision/99-archive/pre-v4-reference/06-development-notes/README.md,d4dddc4a319f1903da469487efe2987160b95bccf3029f9a9370ddf632cdf769,99-archive/pre-v4-reference/06-development-notes/README.md,already_present_exact_bytes
/Ascension Book/the-final-decision-v5.zip,historical_package_member,the-final-decision/99-archive/pre-v4-reference/06-development-notes/author-clarifications-2026-09-22.md,e65a8b9534b92708897c557b27ec88c9d52c25b224bbbee8bdc74833d4147330,99-archive/pre-v4-reference/06-development-notes/author-clarifications-2026-09-22.md,already_present_exact_bytes
/Ascension Book/the-final-decision-v5.zip,historical_package_member,the-final-decision/99-archive/pre-v4-reference/06-development-notes/book-one-paradise-v3-review-2026-09-23.md,25d99788e1ed7b7d85a686bd23db1604ae6e7fe352c58b98b008a5491dcc4f6a,99-archive/pre-v4-reference/06-development-notes/book-one-paradise-v3-review-2026-09-23.md,already_present_exact_bytes
/Ascension Book/the-final-decision-v5.zip,historical_package_member,the-final-decision/99-archive/pre-v4-reference/06-development-notes/current-plot-summary-books-one-and-two.md,f97ff4c140c30dacb1d245c34e4a6175efe2f9adc35426130714eb091681e244,99-archive/pre-v4-reference/06-development-notes/current-plot-summary-books-one-and-two.md,already_present_exact_bytes
/Ascension Book/the-final-decision-v5.zip,historical_package_member,the-final-decision/99-archive/pre-v4-reference/06-development-notes/draft-1-editorial-review.md,fe41aa031d392bc21d97c14fb6ffbcc3254bfa9ee0e0ee2f3696707672c45cad,99-archive/pre-v4-reference/06-development-notes/draft-1-editorial-review.md,already_present_exact_bytes
/Ascension Book/the-final-decision-v5.zip,historical_package_member,the-final-decision/99-archive/pre-v4-reference/06-development-notes/plot-clarifications-and-mystery-boundaries-2026-09-22.md,fce115cb0e6592c45f24822df0a1403c1ae3acf797ff1b8013d77b27eeb9d6c6,99-archive/pre-v4-reference/06-development-notes/plot-clarifications-and-mystery-boundaries-2026-09-22.md,already_present_exact_bytes
/Ascension Book/the-final-decision-v5.zip,historical_package_member,the-final-decision/99-archive/pre-v4-reference/06-development-notes/provisional-design-notes-longevity-reality-ark.md,703822c4df1fc05f235b250571ac9220f9d8d6998dc0795599d16876f11d9b2d,99-archive/pre-v4-reference/06-development-notes/provisional-design-notes-longevity-reality-ark.md,already_present_exact_bytes
/Ascension Book/the-final-decision-v5.zip,historical_package_member,the-final-decision/99-archive/pre-v4-reference/06-development-notes/review-and-open-items-2026-09-22.md,201285f0d3afccf940d035902bca0d339cf459f563e38401f4f9c040b2913001,99-archive/pre-v4-reference/06-development-notes/review-and-open-items-2026-09-22.md,already_present_exact_bytes
/Ascension Book/the-final-decision-v5.zip,historical_package_member,the-final-decision/99-archive/pre-v4-reference/07-scene-workshop/book1-additions-per-chapter-2026-09-22.md,0029e2d304595aa2729418b464bb010e3f71c0d407526f234707c6538d0f2ad0,99-archive/pre-v4-reference/07-scene-workshop/book1-additions-per-chapter-2026-09-22.md,already_present_exact_bytes
/Ascension Book/the-final-decision-v5.zip,historical_package_member,the-final-decision/99-archive/pre-v4-reference/07-scene-workshop/paranoia-scenes-v1.md,3e61da610736951f5bcc98f6d45db67374b2c856c0a1facb5ba6da7e9395492b,99-archive/pre-v4-reference/07-scene-workshop/paranoia-scenes-v1.md,already_present_exact_bytes
/Ascension Book/the-final-decision-v5.zip,historical_package_member,the-final-decision/99-archive/pre-v4-reference/07-scene-workshop/structure-and-motifs-2026-09-22.md,7083de902931fe92afb45891bf09c0b2f37bc7b57ea269293f72f6302b62453e,99-archive/pre-v4-reference/07-scene-workshop/structure-and-motifs-2026-09-22.md,already_present_exact_bytes
/Ascension Book/the-final-decision-v5.zip,historical_package_member,the-final-decision/99-archive/pre-v4-reference/PROJECT-MERGE-MANIFEST.md,800771ef5d6f9c3e40a05d01674f05338de32e42c75b4c919ae905848bdaa939,99-archive/pre-v4-reference/PROJECT-MERGE-MANIFEST.md,already_present_exact_bytes
/Ascension Book/the-final-decision-v5.zip,historical_package_member,the-final-decision/99-archive/pre-v4-reference/README.md,1e15139d9041c0530995e9aafd74fcd74f9ee7fa5050bb7fcb9d5a43b332a576,99-archive/pre-v4-reference/README.md,already_present_exact_bytes
/Ascension Book/the-final-decision-v5.zip,historical_package_member,the-final-decision/99-archive/pre-v5-reference/01-bible/bible.md,315b85b13a8f447e48592df7da3ea1252177be96b6c927e738b9be3364e1cee3,99-archive/pre-v5-reference/01-bible/bible.md,already_present_exact_bytes
/Ascension Book/the-final-decision-v5.zip,historical_package_member,the-final-decision/99-archive/pre-v5-reference/04-characters/character-sheets.md,5878a5270b36762c48561aebef3de84d1f33fe714f7027cc6802662f06338cef,99-archive/pre-v5-reference/04-characters/character-sheets.md,already_present_exact_bytes
/Ascension Book/the-final-decision-v5.zip,historical_package_member,the-final-decision/99-archive/pre-v5-reference/06-development-notes/README.md,e488e80a6de3b20dc848e7043889eb09f46d0e6c4178ecfa5312ce75e9b26907,99-archive/pre-v5-reference/06-development-notes/README.md,already_present_exact_bytes
/Ascension Book/the-final-decision-v5.zip,historical_package_member,the-final-decision/99-archive/pre-v5-reference/06-development-notes/current-plot-summary-books-one-and-two.md,a6f811bc730a9599c29efa14d3a8963b96e48e472c05d71cd3f2161ff9a30ae8,99-archive/pre-v5-reference/06-development-notes/current-plot-summary-books-one-and-two.md,already_present_exact_bytes
/Ascension Book/the-final-decision-v5.zip,historical_package_member,the-final-decision/99-archive/pre-v5-reference/06-development-notes/post-v4-author-notes-2026-09-23.md,0fe0ab9ebc5d2f072b3446304e247353c6c6a533693bafe8b7473084e5904353,99-archive/pre-v5-reference/06-development-notes/post-v4-author-notes-2026-09-23.md,already_present_exact_bytes
/Ascension Book/the-final-decision-v5.zip,historical_package_member,the-final-decision/99-archive/pre-v5-reference/08-production/README.md,093b7dddc7c1b3d7326304fd90d76f2aef894fdf81dd9bacc7614109f5c6ee93,99-archive/pre-v5-reference/08-production/README.md,already_present_exact_bytes
/Ascension Book/the-final-decision-v5.zip,historical_package_member,the-final-decision/99-archive/pre-v5-reference/PROJECT-MERGE-MANIFEST.md,80742ae92df43ea9b26bf834c4e539bc87184b704f0ad7a175d9d3e68b47ff67,99-archive/pre-v5-reference/PROJECT-MERGE-MANIFEST.md,already_present_exact_bytes
/Ascension Book/the-final-decision-v5.zip,historical_package_member,the-final-decision/99-archive/pre-v5-reference/README.md,8dfd14b4ce4dcd1b9974ba1fde9af7cbc934953a72bc420f60b59202b3e00229,99-archive/pre-v5-reference/README.md,already_present_exact_bytes
/Ascension Book/the-final-decision-v5.zip,historical_package_member,the-final-decision/99-archive/pre-v6-planning-reference/06-development-notes/README.md,45065e2dd4663551af6689bb43eedc5c565a0993dfee48efe7bd8fc34e8da0f5,99-archive/pre-v6-planning-reference/06-development-notes/README.md,already_present_exact_bytes
/Ascension Book/the-final-decision-v5.zip,historical_package_member,the-final-decision/99-archive/pre-v6-planning-reference/PROJECT-MERGE-MANIFEST.md,bec75fa1cec3ff03520560d8c65da574efdaeb49cd598b1dbdc36513f10a5577,99-archive/pre-v6-planning-reference/PROJECT-MERGE-MANIFEST.md,already_present_exact_bytes
/Ascension Book/the-final-decision-v5.zip,historical_package_member,the-final-decision/99-archive/pre-v6-planning-reference/README.md,4f197a5ab18c201bb407ecf055540c437724e750f1b5e62df085dea1f11c0913,99-archive/pre-v6-planning-reference/README.md,already_present_exact_bytes
/Ascension Book/the-final-decision-v5.zip,historical_package_member,the-final-decision/99-archive/v6-planning-iterations/v6-chapter-and-clue-outline-2026-09-24-before-colleague-commentary.md,f5c6fda90d263792bfdda38bf68c89dc8ff13b8015cf008f002eb22938dc76d4,99-archive/v6-planning-iterations/v6-chapter-and-clue-outline-2026-09-24-before-colleague-commentary.md,already_present_exact_bytes
/Ascension Book/the-final-decision-v5.zip,historical_package_member,the-final-decision/99-archive/v6-planning-iterations/v6-chapter-and-clue-outline-2026-09-24-before-contact-strategy.md,f607b409504ee57f76ad19363210990f0df471b46220a9590be91b462285a1f9,99-archive/v6-planning-iterations/v6-chapter-and-clue-outline-2026-09-24-before-contact-strategy.md,already_present_exact_bytes
/Ascension Book/the-final-decision-v5.zip,historical_package_member,the-final-decision/99-archive/v6-planning-iterations/v6-chapter-and-clue-outline-2026-09-24-before-human-choice-refinements.md,08e8fdca3343869ed80c597145d8931c3f2ab242f1cec3936926a338e107648c,99-archive/v6-planning-iterations/v6-chapter-and-clue-outline-2026-09-24-before-human-choice-refinements.md,already_present_exact_bytes
/Ascension Book/the-final-decision-v5.zip,historical_package_member,the-final-decision/99-archive/v6-planning-iterations/v6-chapter-and-clue-outline-2026-09-24-before-publication-lead.md,1d7bf7c6ed9abca58e6ee08fd68af0ae99f3699799a3ee72963fce86d0bb6d3a,99-archive/v6-planning-iterations/v6-chapter-and-clue-outline-2026-09-24-before-publication-lead.md,already_present_exact_bytes
/Ascension Book/the-final-decision-v5.zip,historical_package_member,the-final-decision/99-archive/v6-planning-iterations/v6-chapter-and-clue-outline-before-ant-and-reunion-2026-09-24.md,482cc7bc8c9cf450ab809baf3160aa518ec26221ee73f1ea547a371b9b154b5d,99-archive/v6-planning-iterations/v6-chapter-and-clue-outline-before-ant-and-reunion-2026-09-24.md,already_present_exact_bytes
/Ascension Book/the-final-decision-v5.zip,historical_package_member,the-final-decision/99-archive/v6-planning-iterations/v6-chapter-and-clue-outline-before-message-route-2026-09-24.md,0f2861cb94be36538421a07cccff87ff6af0c57b838150afb1e50d06e23dcc9b,99-archive/v6-planning-iterations/v6-chapter-and-clue-outline-before-message-route-2026-09-24.md,already_present_exact_bytes
/Ascension Book/the-final-decision-v5.zip,historical_package_member,the-final-decision/99-archive/v6-planning-iterations/v6-character-profiles-2026-09-23-before-colleague-commentary.md,172ec0c23145638f855fa2cc52733d122ac7471962c1976ceb287c1cdbd16eb4,99-archive/v6-planning-iterations/v6-character-profiles-2026-09-23-before-colleague-commentary.md,already_present_exact_bytes
/Ascension Book/the-final-decision-v5.zip,historical_package_member,the-final-decision/99-archive/v6-planning-iterations/v6-character-profiles-2026-09-23-before-human-choice-refinements.md,d19c59d547d012e47ab30d962b320b28eae46ebbdf629768ad0928b65c2dcef6,99-archive/v6-planning-iterations/v6-character-profiles-2026-09-23-before-human-choice-refinements.md,already_present_exact_bytes
/Ascension Book/the-final-decision-v5.zip,historical_package_member,the-final-decision/99-archive/v6-planning-iterations/v6-character-profiles-2026-09-23-before-publication-lead.md,f0e65f926dcb3670fb12add056db0d4c7c92ca88e6322cf6d20bdf6e78321367,99-archive/v6-planning-iterations/v6-character-profiles-2026-09-23-before-publication-lead.md,already_present_exact_bytes
/Ascension Book/the-final-decision-v5.zip,historical_package_member,the-final-decision/99-archive/v6-planning-iterations/v6-character-profiles-before-ant-and-reunion-2026-09-24.md,1bfc6e9440532eefc36686580fd98a5bbe53a3a5b6066085d32bbeed39bdb7ff,99-archive/v6-planning-iterations/v6-character-profiles-before-ant-and-reunion-2026-09-24.md,already_present_exact_bytes
/Ascension Book/the-final-decision-v5.zip,historical_package_member,the-final-decision/99-archive/v6-planning-iterations/v6-character-profiles-before-chain-rock-2026-09-24.md,374b10aa27ff41a1ba63c6390d22ef9ead7288d1929a35433c08b26fe03d037e,99-archive/v6-planning-iterations/v6-character-profiles-before-chain-rock-2026-09-24.md,already_present_exact_bytes
/Ascension Book/the-final-decision-v5.zip,historical_package_member,the-final-decision/99-archive/v6-planning-iterations/v6-character-profiles-before-daniel-letter-2026-09-23.md,d85d639b2876dc8b3ee2aaba01353469a117a581a11c04e08f7fb42425d29ed3,99-archive/v6-planning-iterations/v6-character-profiles-before-daniel-letter-2026-09-23.md,already_present_exact_bytes
/Ascension Book/the-final-decision-v5.zip,historical_package_member,the-final-decision/99-archive/v6-planning-iterations/v6-character-profiles-before-message-route-2026-09-24.md,c04d84f04abd056006b8f6351b45d2612bc1c50b303d0c12f249810042f323e2,99-archive/v6-planning-iterations/v6-character-profiles-before-message-route-2026-09-24.md,already_present_exact_bytes
/Ascension Book/the-final-decision-v5.zip,historical_package_member,the-final-decision/99-archive/v6-planning-iterations/v6-character-profiles-before-parental-forgiveness-2026-09-24.md,cb2f10f78a30e533fa5501fb8a11698ec00f42cbfbdb47568a5596859ea859f4,99-archive/v6-planning-iterations/v6-character-profiles-before-parental-forgiveness-2026-09-24.md,already_present_exact_bytes
/Ascension Book/the-final-decision-v5.zip,historical_package_member,the-final-decision/99-archive/v6-planning-iterations/v6-character-profiles-before-ruth-handover-2026-09-23.md,dcc904a4bc0d96a1a893607e0714dd8325b5169bba1667be95e63807fe30c4cd,99-archive/v6-planning-iterations/v6-character-profiles-before-ruth-handover-2026-09-23.md,already_present_exact_bytes
/Ascension Book/the-final-decision-v5.zip,historical_package_member,the-final-decision/99-archive/v6-planning-iterations/v6-contact-strategy-2026-09-24-before-human-choice-refinements.md,927f252d80a153fc16ba11ba12d7fc11b40ce52822dd31b45094f2ceaa5dd0b3,99-archive/v6-planning-iterations/v6-contact-strategy-2026-09-24-before-human-choice-refinements.md,already_present_exact_bytes
/Ascension Book/the-final-decision-v5.zip,historical_package_member,the-final-decision/99-archive/v6-planning-iterations/v6-daniels-letter-before-ant-and-reunion-2026-09-24.md,4718c175e2e4ddc972bcb4d0c58183e143329562ecbc4c48a5ca16fcb9f65085,99-archive/v6-planning-iterations/v6-daniels-letter-before-ant-and-reunion-2026-09-24.md,already_present_exact_bytes
/Ascension Book/the-final-decision-v5.zip,historical_package_member,the-final-decision/99-archive/v6-planning-iterations/v6-daniels-letter-before-chain-rock-2026-09-24.md,cde9bbc01a63016cc7fb8738a2d9f9766baccf4deba12fab1e9dadeb5c6e3176,99-archive/v6-planning-iterations/v6-daniels-letter-before-chain-rock-2026-09-24.md,already_present_exact_bytes
/Ascension Book/the-final-decision-v5.zip,historical_package_member,the-final-decision/99-archive/v6-planning-iterations/v6-daniels-letter-before-parental-forgiveness-2026-09-24.md,c3c37c2adbf8984bf41a12a61ab75677245f299c72b5173c10b259adf94f3860,99-archive/v6-planning-iterations/v6-daniels-letter-before-parental-forgiveness-2026-09-24.md,already_present_exact_bytes
/Ascension Book/the-final-decision-v5.zip,historical_package_member,the-final-decision/99-archive/v6-planning-iterations/v6-daniels-letter-before-ruth-handover-2026-09-23.md,7ab7367e66aa65153110b154e91980ece13d1323e1d3f87d1a05d584c0247008,99-archive/v6-planning-iterations/v6-daniels-letter-before-ruth-handover-2026-09-23.md,already_present_exact_bytes
/Ascension Book/the-final-decision-v5.zip,historical_package_member,the-final-decision/99-archive/v6-planning-iterations/v6-development-path-2026-09-23-before-colleague-commentary.md,db6dbf3e89c15964319b8509b1dc3b39e1255971b1e845a15fb86136aee1a92e,99-archive/v6-planning-iterations/v6-development-path-2026-09-23-before-colleague-commentary.md,already_present_exact_bytes
/Ascension Book/the-final-decision-v5.zip,historical_package_member,the-final-decision/99-archive/v6-planning-iterations/v6-development-path-2026-09-23-before-contact-strategy.md,2af02b326edcb905e98606512c19dcf2aae66bf017b92e561ff83b3865f297a7,99-archive/v6-planning-iterations/v6-development-path-2026-09-23-before-contact-strategy.md,already_present_exact_bytes
/Ascension Book/the-final-decision-v5.zip,historical_package_member,the-final-decision/99-archive/v6-planning-iterations/v6-development-path-2026-09-23-before-human-choice-refinements.md,a1cfafdf5b4a742f2863d1ca469418089a9b76c25d414ef1c7253579eeb8234c,99-archive/v6-planning-iterations/v6-development-path-2026-09-23-before-human-choice-refinements.md,already_present_exact_bytes
/Ascension Book/the-final-decision-v5.zip,historical_package_member,the-final-decision/99-archive/v6-planning-iterations/v6-development-path-2026-09-23-before-publication-lead.md,742818d36e2a1a18da06b8434e036e6079c9034df0a7e9ea93331f8e9c6a6180,99-archive/v6-planning-iterations/v6-development-path-2026-09-23-before-publication-lead.md,already_present_exact_bytes
/Ascension Book/the-final-decision-v5.zip,historical_package_member,the-final-decision/99-archive/v6-planning-iterations/v6-development-path-before-aerospace-attention-2026-09-23.md,1cd961e1efed0e251b167fdbf048aa7c31c2cddaa320fa2bcc84e033fd8024b3,99-archive/v6-planning-iterations/v6-development-path-before-aerospace-attention-2026-09-23.md,already_present_exact_bytes
/Ascension Book/the-final-decision-v5.zip,historical_package_member,the-final-decision/99-archive/v6-planning-iterations/v6-development-path-before-ant-and-reunion-2026-09-24.md,2a5596737edf998b0ec716645b406788d2041879f72b75ebff440a2a66c6d255,99-archive/v6-planning-iterations/v6-development-path-before-ant-and-reunion-2026-09-24.md,already_present_exact_bytes
/Ascension Book/the-final-decision-v5.zip,historical_package_member,the-final-decision/99-archive/v6-planning-iterations/v6-development-path-before-chain-rock-2026-09-24.md,e49d1841c00f0a7c52aa8ca375ec0ce9375df1f0b0b44e6c0fe76c1e35ca8756,99-archive/v6-planning-iterations/v6-development-path-before-chain-rock-2026-09-24.md,already_present_exact_bytes
/Ascension Book/the-final-decision-v5.zip,historical_package_member,the-final-decision/99-archive/v6-planning-iterations/v6-development-path-before-chapter-outline-2026-09-24.md,11c385795e2c96a2858fa857627a703913a89679d62630151c1e5b75430ddbf9,99-archive/v6-planning-iterations/v6-development-path-before-chapter-outline-2026-09-24.md,already_present_exact_bytes
/Ascension Book/the-final-decision-v5.zip,historical_package_member,the-final-decision/99-archive/v6-planning-iterations/v6-development-path-before-crossing-dreams-2026-09-23.md,8acaa92d6d85ebe731ad546db35ee2cddcc7282c56c97732e2fca91b0110fa2b,99-archive/v6-planning-iterations/v6-development-path-before-crossing-dreams-2026-09-23.md,already_present_exact_bytes
/Ascension Book/the-final-decision-v5.zip,historical_package_member,the-final-decision/99-archive/v6-planning-iterations/v6-development-path-before-daniel-letter-2026-09-23.md,66ed47c9882b0113c966ed319c7b3cb1489ac28b0579194688e44c9dd2583b50,99-archive/v6-planning-iterations/v6-development-path-before-daniel-letter-2026-09-23.md,already_present_exact_bytes
/Ascension Book/the-final-decision-v5.zip,historical_package_member,the-final-decision/99-archive/v6-planning-iterations/v6-development-path-before-family-contact-2026-09-23.md,9a1b5ebafce4eebc066a97c193198e634e775428f811101bf40ec1e751882fea,99-archive/v6-planning-iterations/v6-development-path-before-family-contact-2026-09-23.md,already_present_exact_bytes
/Ascension Book/the-final-decision-v5.zip,historical_package_member,the-final-decision/99-archive/v6-planning-iterations/v6-development-path-before-habitat-meaning-2026-09-23.md,c91d8304fc99edfeb7bbf44ae996ced82b9262420398a4a454964717b76c6822,99-archive/v6-planning-iterations/v6-development-path-before-habitat-meaning-2026-09-23.md,already_present_exact_bytes
/Ascension Book/the-final-decision-v5.zip,historical_package_member,the-final-decision/99-archive/v6-planning-iterations/v6-development-path-before-hesk-trust-closure-2026-09-23.md,dba6e08ba11d883a6d0ac28fe8dc5ded52b22d06c69922cb1a018318f6a689a3,99-archive/v6-planning-iterations/v6-development-path-before-hesk-trust-closure-2026-09-23.md,already_present_exact_bytes
/Ascension Book/the-final-decision-v5.zip,historical_package_member,the-final-decision/99-archive/v6-planning-iterations/v6-development-path-before-map-windows-mythology-2026-09-23.md,fbd66e17c05c2023b2473670aa8249bdff4807f37208917cb5d1e361485e493e,99-archive/v6-planning-iterations/v6-development-path-before-map-windows-mythology-2026-09-23.md,already_present_exact_bytes
/Ascension Book/the-final-decision-v5.zip,historical_package_member,the-final-decision/99-archive/v6-planning-iterations/v6-development-path-before-message-route-2026-09-24.md,950b0b6fc3ecfdcbe5c468af57793aacb57b75bde0942c5eb265abc4ae827335,99-archive/v6-planning-iterations/v6-development-path-before-message-route-2026-09-24.md,already_present_exact_bytes
/Ascension Book/the-final-decision-v5.zip,historical_package_member,the-final-decision/99-archive/v6-planning-iterations/v6-development-path-before-parental-forgiveness-2026-09-24.md,dd93bfad8bf73e2e08d1a73bd1486059919058ca2af09e10ebbf9614c842f7a8,99-archive/v6-planning-iterations/v6-development-path-before-parental-forgiveness-2026-09-24.md,already_present_exact_bytes
/Ascension Book/the-final-decision-v5.zip,historical_package_member,the-final-decision/99-archive/v6-planning-iterations/v6-development-path-before-preserved-options-2026-09-23.md,2938cdd1e764e1d97e57a941c6f49afe286752214a02167ac8b9e8bb47d89316,99-archive/v6-planning-iterations/v6-development-path-before-preserved-options-2026-09-23.md,already_present_exact_bytes
/Ascension Book/the-final-decision-v5.zip,historical_package_member,the-final-decision/99-archive/v6-planning-iterations/v6-development-path-before-quiet-ending-assessment-2026-09-23.md,d2efc942429acc10106d5d1caebd61b9d76732128cbc74636c0b5b23fcbc4ea3,99-archive/v6-planning-iterations/v6-development-path-before-quiet-ending-assessment-2026-09-23.md,already_present_exact_bytes
/Ascension Book/the-final-decision-v5.zip,historical_package_member,the-final-decision/99-archive/v6-planning-iterations/v6-development-path-before-quiet-transition-2026-09-23.md,d6f58c8c3e59610b8c345b24e38533affcaf4858a4464f4259f32ada535ad032,99-archive/v6-planning-iterations/v6-development-path-before-quiet-transition-2026-09-23.md,already_present_exact_bytes
/Ascension Book/the-final-decision-v5.zip,historical_package_member,the-final-decision/99-archive/v6-planning-iterations/v6-development-path-before-ruth-handover-2026-09-23.md,0260b9f93b26c5bc18adc85e4998076320bc131e7f1cadeefa431a57978b9962,99-archive/v6-planning-iterations/v6-development-path-before-ruth-handover-2026-09-23.md,already_present_exact_bytes
/Ascension Book/the-final-decision-v5.zip,historical_package_member,the-final-decision/99-archive/v6-planning-iterations/v6-readiness-assessment-2026-09-23-before-human-choice-refinements.md,e49e21b0513116d4859823590b44a6b781e6aecfa10c35593f34c4c76907f0c6,99-archive/v6-planning-iterations/v6-readiness-assessment-2026-09-23-before-human-choice-refinements.md,already_present_exact_bytes
/Ascension Book/the-final-decision-v5.zip,historical_package_member,the-final-decision/99-archive/v6-planning-iterations/v6-readiness-assessment-2026-09-23-before-publication-lead.md,dc67fa74f73c377cccc335b712e65ce2548bffba6d5c1dd80b26f0f042444729,99-archive/v6-planning-iterations/v6-readiness-assessment-2026-09-23-before-publication-lead.md,already_present_exact_bytes
/Ascension Book/the-final-decision-v5.zip,historical_package_member,the-final-decision/99-archive/v6-planning-iterations/v6-readiness-assessment-before-daniel-letter-2026-09-23.md,1238ba2f4be50a1f8cce00778445535dd3bf1fb381431f459f49644e9857be4a,99-archive/v6-planning-iterations/v6-readiness-assessment-before-daniel-letter-2026-09-23.md,already_present_exact_bytes
/Ascension Book/the-final-decision-v5.zip,historical_package_member,the-final-decision/99-archive/v6-planning-iterations/v6-readiness-assessment-before-family-contact-2026-09-23.md,df062a79ec1a0a51173dad98c7c971d2fe2e55571239103162d52caffca96bc5,99-archive/v6-planning-iterations/v6-readiness-assessment-before-family-contact-2026-09-23.md,already_present_exact_bytes
/Ascension Book/the-final-decision-v5.zip,historical_package_member,the-final-decision/99-archive/v6-planning-iterations/v6-readiness-assessment-before-ruth-handover-2026-09-23.md,6a3d01bd009e4af0d3de47f6fe2ec6c53271180aa8960f012a8473278025ba56,99-archive/v6-planning-iterations/v6-readiness-assessment-before-ruth-handover-2026-09-23.md,already_present_exact_bytes
/Ascension Book/the-final-decision-v5.zip,historical_package_member,the-final-decision/99-archive/v6-planning-iterations/v6-todo-before-ant-and-reunion-2026-09-24.md,04b337f986f2600de9ad67c27a2fc75626221bbde608b0f66c398f3b8cad3f70,99-archive/v6-planning-iterations/v6-todo-before-ant-and-reunion-2026-09-24.md,already_present_exact_bytes
/Ascension Book/the-final-decision-v5.zip,historical_package_member,the-final-decision/99-archive/v6-planning-iterations/v6-todo-before-chain-rock-2026-09-24.md,c861ad420142f977fa3552f3f6152751801a93b176aa4ceac1bb2077b55e1b4f,99-archive/v6-planning-iterations/v6-todo-before-chain-rock-2026-09-24.md,already_present_exact_bytes
/Ascension Book/the-final-decision-v5.zip,historical_package_member,the-final-decision/99-archive/v6-planning-iterations/v6-todo-before-chapter-outline-2026-09-24.md,33f1f17641bc474d27edd40bfaddaa797f53a8b3875b4c829f3f25c49736bf79,99-archive/v6-planning-iterations/v6-todo-before-chapter-outline-2026-09-24.md,already_present_exact_bytes
/Ascension Book/the-final-decision-v5.zip,historical_package_member,the-final-decision/99-archive/v6-planning-iterations/v6-todo-before-colleague-commentary.md,cbc20f7a3a48215e044fbb0eb29ffa81d0e392451a2ec089a019a0b2a7273dc3,99-archive/v6-planning-iterations/v6-todo-before-colleague-commentary.md,already_present_exact_bytes
/Ascension Book/the-final-decision-v5.zip,historical_package_member,the-final-decision/99-archive/v6-planning-iterations/v6-todo-before-contact-strategy.md,65635a8386240d191cee36284343e34a5fd468e3c94d98f29b215c401287d2ca,99-archive/v6-planning-iterations/v6-todo-before-contact-strategy.md,already_present_exact_bytes
/Ascension Book/the-final-decision-v5.zip,historical_package_member,the-final-decision/99-archive/v6-planning-iterations/v6-todo-before-daniel-letter-2026-09-23.md,08f83b4f08f1bdfb8fc8a22e1ffe92eb66ef825fc3fb5a58a5829e436de1a0cd,99-archive/v6-planning-iterations/v6-todo-before-daniel-letter-2026-09-23.md,already_present_exact_bytes
/Ascension Book/the-final-decision-v5.zip,historical_package_member,the-final-decision/99-archive/v6-planning-iterations/v6-todo-before-family-contact-2026-09-23.md,df1a5cb78b400d1d40510ea2d2179b0985128b20c0b0ffa2645f103d92a7161b,99-archive/v6-planning-iterations/v6-todo-before-family-contact-2026-09-23.md,already_present_exact_bytes
/Ascension Book/the-final-decision-v5.zip,historical_package_member,the-final-decision/99-archive/v6-planning-iterations/v6-todo-before-habitat-meaning-2026-09-23.md,a2176183c4a29c65ddae2a6774dbcf88db73390b3275dfb6654ab2497280ace9,99-archive/v6-planning-iterations/v6-todo-before-habitat-meaning-2026-09-23.md,already_present_exact_bytes
/Ascension Book/the-final-decision-v5.zip,historical_package_member,the-final-decision/99-archive/v6-planning-iterations/v6-todo-before-hesk-trust-closure-2026-09-23.md,50faec15c810179940a130b1ac77afd9774e7f926cf51b1d56c1c6ab819aa890,99-archive/v6-planning-iterations/v6-todo-before-hesk-trust-closure-2026-09-23.md,already_present_exact_bytes
/Ascension Book/the-final-decision-v5.zip,historical_package_member,the-final-decision/99-archive/v6-planning-iterations/v6-todo-before-human-choice-refinements.md,a925d5ce695ff0f7d0459794ddab443f08dec4f5968d0b89149dfb881f960955,99-archive/v6-planning-iterations/v6-todo-before-human-choice-refinements.md,already_present_exact_bytes
/Ascension Book/the-final-decision-v5.zip,historical_package_member,the-final-decision/99-archive/v6-planning-iterations/v6-todo-before-map-windows-mythology-2026-09-23.md,43f175a75ee6a26f98aa90ce02433e3f180526f7882d29d7af289e1282a90354,99-archive/v6-planning-iterations/v6-todo-before-map-windows-mythology-2026-09-23.md,already_present_exact_bytes
/Ascension Book/the-final-decision-v5.zip,historical_package_member,the-final-decision/99-archive/v6-planning-iterations/v6-todo-before-message-route-2026-09-24.md,f14d18f305456832fbfdd600fe3adba91b6b3a18d10213e1612d1acdb313dd9a,99-archive/v6-planning-iterations/v6-todo-before-message-route-2026-09-24.md,already_present_exact_bytes
/Ascension Book/the-final-decision-v5.zip,historical_package_member,the-final-decision/99-archive/v6-planning-iterations/v6-todo-before-parental-forgiveness-2026-09-24.md,2e8b0c068311f1be42731940155ec430bc60569d995ea9faddabc42503ad160c,99-archive/v6-planning-iterations/v6-todo-before-parental-forgiveness-2026-09-24.md,already_present_exact_bytes
/Ascension Book/the-final-decision-v5.zip,historical_package_member,the-final-decision/99-archive/v6-planning-iterations/v6-todo-before-preserved-options-2026-09-23.md,74b2e60a92246987779776712408e697fae25ddbf6b5dbc9fbf6510894d31795,99-archive/v6-planning-iterations/v6-todo-before-preserved-options-2026-09-23.md,already_present_exact_bytes
/Ascension Book/the-final-decision-v5.zip,historical_package_member,the-final-decision/99-archive/v6-planning-iterations/v6-todo-before-publication-lead.md,528b5590231a8bbc9277cb1ae88a63b17cb824b325d114acb3c6a2efadf79bc8,99-archive/v6-planning-iterations/v6-todo-before-publication-lead.md,already_present_exact_bytes
/Ascension Book/the-final-decision-v5.zip,historical_package_member,the-final-decision/99-archive/v6-planning-iterations/v6-todo-before-quiet-ending-assessment-2026-09-23.md,c0b59ae695079b78c9cb323ad5cf46a10365aa8065a2fdd31483b7ebc22a5580,99-archive/v6-planning-iterations/v6-todo-before-quiet-ending-assessment-2026-09-23.md,already_present_exact_bytes
/Ascension Book/the-final-decision-v5.zip,historical_package_member,the-final-decision/99-archive/v6-planning-iterations/v6-todo-before-quiet-transition-2026-09-23.md,3cc6d20a27f562daa6b208cc05d9807cf555b2c17681ff1487e4dd2fa6471078,99-archive/v6-planning-iterations/v6-todo-before-quiet-transition-2026-09-23.md,already_present_exact_bytes
/Ascension Book/the-final-decision-v5.zip,historical_package_member,the-final-decision/99-archive/v6-planning-iterations/v6-todo-before-ruth-handover-2026-09-23.md,62b8a1ffe9df94707e263c9e21dbbd26fe75d85e08ecfc01992538a8a267013f,99-archive/v6-planning-iterations/v6-todo-before-ruth-handover-2026-09-23.md,already_present_exact_bytes
/Ascension Book/the-final-decision-v5.zip,historical_package_member,the-final-decision/PROJECT-MERGE-MANIFEST.md,d9f2614284cf325a267718e39ba6b3e1777c46754cb039f4fe24906eb11524fc,99-archive/pre-v6-reference/PROJECT-MERGE-MANIFEST.md,already_present_exact_bytes
/Ascension Book/the-final-decision-v5.zip,historical_package_member,the-final-decision/README.md,06107dae3996506a7477920fd3729dad4109eb9823a9c317fde4de02544f4b3c,99-archive/pre-v6-reference/README.md,already_present_exact_bytes
/Ascension Book/the-final-decision-v6.zip,historical_package_member,the-final-decision/.gitignore,5ed259eeea458683da33850a003cad867014951687bc5154dec067f6adcb741b,.gitignore,already_present_exact_bytes
/Ascension Book/the-final-decision-v6.zip,historical_package_member,the-final-decision/01-bible/bible.md,b3c17e00db626622e1c4a8d090e5619297ae49ab701759b7209bbb065dea1463,99-archive/pre-v7-vessel-reference/01-bible/bible.md,already_present_exact_bytes
/Ascension Book/the-final-decision-v6.zip,historical_package_member,the-final-decision/02-book-one/book-one-paradise-v2.md,86495a159014369b715a8d6d79102f11144d14731b31aa0a14ec468166edadd2,02-book-one/book-one-paradise-v2.md,already_present_exact_bytes
/Ascension Book/the-final-decision-v6.zip,historical_package_member,the-final-decision/02-book-one/book-one-paradise-v2.pdf,4a2b08d9cce4ba223fc5a1c03a7cf7bd93fac6891d1d7ca7032d63c6c2990129,02-book-one/book-one-paradise-v2.pdf,already_present_exact_bytes
/Ascension Book/the-final-decision-v6.zip,historical_package_member,the-final-decision/02-book-one/book-one-paradise-v3.md,654f3ce6894a0ca79f83c79c46ec2fed99c33fc69b88f07d7e1a2e4c72903590,02-book-one/book-one-paradise-v3.md,already_present_exact_bytes
/Ascension Book/the-final-decision-v6.zip,historical_package_member,the-final-decision/02-book-one/book-one-paradise-v3.pdf,84c9f2bfeb9bd866c446e534b7a51e7c8429ddc9f45f6fa04333dfeb3eabcbc6,02-book-one/book-one-paradise-v3.pdf,already_present_exact_bytes
/Ascension Book/the-final-decision-v6.zip,historical_package_member,the-final-decision/02-book-one/book-one-paradise-v4.md,857450819083bc6424b1a0badb0550c18285082caf134d5b2539c59aff778721,02-book-one/book-one-paradise-v4.md,already_present_exact_bytes
/Ascension Book/the-final-decision-v6.zip,historical_package_member,the-final-decision/02-book-one/book-one-paradise-v4.pdf,045e203d7dc602979ccfb38c835705dcc8a19d67d2e94dadc172246eff282869,02-book-one/book-one-paradise-v4.pdf,already_present_exact_bytes
/Ascension Book/the-final-decision-v6.zip,historical_package_member,the-final-decision/02-book-one/book-one-paradise-v5.md,a6bd4771632300de92cdd0864c355edc2075f8457e35eb6676f2476023bda7d2,02-book-one/book-one-paradise-v5.md,already_present_exact_bytes
/Ascension Book/the-final-decision-v6.zip,historical_package_member,the-final-decision/02-book-one/book-one-paradise-v5.pdf,71488573ca566436ef1a4c48bb159a6b2d0d84dccbbc22806212e00036d78c41,02-book-one/book-one-paradise-v5.pdf,already_present_exact_bytes
/Ascension Book/the-final-decision-v6.zip,historical_package_member,the-final-decision/02-book-one/book-one-paradise-v6.md,fcdb5258bfe5f57244a24c694a94eb8071e84d2895fc3d880720fecc43a20150,02-book-one/book-one-paradise-v6.md,already_present_exact_bytes
/Ascension Book/the-final-decision-v6.zip,historical_package_member,the-final-decision/02-book-one/book-one-paradise-v6.pdf,d17118f70bc054a94463fb9ae2dd65fefc7fc384715a96819fb6320c1ee151da,02-book-one/book-one-paradise-v6.pdf,already_present_exact_bytes
/Ascension Book/the-final-decision-v6.zip,historical_package_member,the-final-decision/02-book-one/book-one-paradise.md,ca6e0f154605c0c949d1d130eb8d93ce916182ba5e4e6411d8f51d09c23747b0,02-book-one/book-one-paradise.md,already_present_exact_bytes
/Ascension Book/the-final-decision-v6.zip,historical_package_member,the-final-decision/02-book-one/book-one-paradise.pdf,32c361ab265a3a6a8c3af2c609b6a9b5388dead511c891e9ce3db87bb7bfa976,02-book-one/book-one-paradise.pdf,already_present_exact_bytes
/Ascension Book/the-final-decision-v6.zip,historical_package_member,the-final-decision/03-screen/crossing-sequence.md,9f3d6a4db25ccc5d9e9c0010c44fa7c8eccd7559697ea3656c67eee9ddd5af9a,03-screen/crossing-sequence.md,already_present_exact_bytes
/Ascension Book/the-final-decision-v6.zip,historical_package_member,the-final-decision/03-screen/pilot-and-pitch.md,f6a2a35538a948c6e2d5207c8675d4a75c86102b4a8231f6d35ee4397ae58fc9,03-screen/pilot-and-pitch.md,already_present_exact_bytes
/Ascension Book/the-final-decision-v6.zip,historical_package_member,the-final-decision/04-characters/character-sheets.md,6ea78e3cbdda15c96524c7123f4c2e672b4f1082e4a148b05ca688928a07b698,99-archive/pre-v7-vessel-reference/04-characters/character-sheets.md,already_present_exact_bytes
/Ascension Book/the-final-decision-v6.zip,historical_package_member,the-final-decision/04-characters/v6-character-profiles-2026-09-23.md,b3a64c0a821747c8291ec839d63ab8da7fc858323a6673c01ad6ae705c771995,04-characters/v6-character-profiles-2026-09-23.md,already_present_exact_bytes
/Ascension Book/the-final-decision-v6.zip,historical_package_member,the-final-decision/05-art/laniakea-tree.png,9fe7c4268f25209f014bb3561ed78bebfb680ca2119da8ace99a6202241e4552,05-art/laniakea-tree.png,already_present_exact_bytes
/Ascension Book/the-final-decision-v6.zip,historical_package_member,the-final-decision/06-development-notes/README.md,1fd92a9ea8b3e1b82c2dd95c0a63a297aad0a04e22a2e175d6f1e6df3211b58a,99-archive/pre-v7-vessel-reference/06-development-notes/README.md,already_present_exact_bytes
/Ascension Book/the-final-decision-v6.zip,historical_package_member,the-final-decision/06-development-notes/author-clarifications-2026-09-22.md,3c6a09ab0eac7047a14fca37d88d4a9fbb0d6c0f72f90490e934e5af4ca993ca,06-development-notes/author-clarifications-2026-09-22.md,already_present_exact_bytes
/Ascension Book/the-final-decision-v6.zip,historical_package_member,the-final-decision/06-development-notes/book-one-paradise-v3-review-2026-09-23.md,0563ae8301dc618739d14dcd423118b51e2c70a58f5a1c58c1aa50ba420e0e0b,06-development-notes/book-one-paradise-v3-review-2026-09-23.md,already_present_exact_bytes
/Ascension Book/the-final-decision-v6.zip,historical_package_member,the-final-decision/06-development-notes/current-plot-summary-books-one-and-two.md,f8e9a1f9cbdee483ca015133b67b59db9a33e2be07c973eca9cbadc7ab04f1fc,99-archive/pre-v7-vessel-reference/06-development-notes/current-plot-summary-books-one-and-two.md,already_present_exact_bytes
/Ascension Book/the-final-decision-v6.zip,historical_package_member,the-final-decision/06-development-notes/draft-1-editorial-review.md,4af020e29ec182ce83b94a7bd01ec6500399a1cd1703c0e93c731bb6284488ed,06-development-notes/draft-1-editorial-review.md,already_present_exact_bytes
/Ascension Book/the-final-decision-v6.zip,historical_package_member,the-final-decision/06-development-notes/plot-clarifications-and-mystery-boundaries-2026-09-22.md,5385ec4c8a9a0c3007a3476e28940c3aa09b94a754e11451e52891f9bc5b79de,06-development-notes/plot-clarifications-and-mystery-boundaries-2026-09-22.md,already_present_exact_bytes
/Ascension Book/the-final-decision-v6.zip,historical_package_member,the-final-decision/06-development-notes/post-v4-author-notes-2026-09-23.md,0f51988a48e6173c4f5868260fa72742ec679d49ef79548fb009fef3c1d79afc,06-development-notes/post-v4-author-notes-2026-09-23.md,already_present_exact_bytes
/Ascension Book/the-final-decision-v6.zip,historical_package_member,the-final-decision/06-development-notes/provisional-design-notes-longevity-reality-ark.md,b9f539fec11bed8637671c0be1fa5a292d956d738d23420b8e6df3b5ef098092,06-development-notes/provisional-design-notes-longevity-reality-ark.md,already_present_exact_bytes
/Ascension Book/the-final-decision-v6.zip,historical_package_member,the-final-decision/06-development-notes/review-and-open-items-2026-09-22.md,e38883a960b5c9433d5644e62fab7ec71d6a7dd13f8b2653c9dee24762ba7e66,06-development-notes/review-and-open-items-2026-09-22.md,already_present_exact_bytes
/Ascension Book/the-final-decision-v6.zip,historical_package_member,the-final-decision/06-development-notes/v4-revision-notes-2026-09-23.md,61326df34a8f2790a3d754ccca4560ff2f59edb1e960ca3113868d2b5dc79654,06-development-notes/v4-revision-notes-2026-09-23.md,already_present_exact_bytes
/Ascension Book/the-final-decision-v6.zip,historical_package_member,the-final-decision/06-development-notes/v5-revision-notes-2026-09-23.md,f5044f95b9fb5a0c527f0f1ed138d3aa2f5ed1430b6c99a17f3c2c82bdd5f4db,06-development-notes/v5-revision-notes-2026-09-23.md,already_present_exact_bytes
/Ascension Book/the-final-decision-v6.zip,historical_package_member,the-final-decision/06-development-notes/v6-chapter-and-clue-outline-2026-09-24.md,eb5eee87a3c8f1da1506f5706209d83c112c15b1b3ce3cf93318d0dbffdf73fd,06-development-notes/v6-chapter-and-clue-outline-2026-09-24.md,already_present_exact_bytes
/Ascension Book/the-final-decision-v6.zip,historical_package_member,the-final-decision/06-development-notes/v6-contact-strategy-2026-09-24.md,0a03a11f5eb8c7f2be7e7a1ef3d6074d73b43eb0caf163ba91ce38220858de81,06-development-notes/v6-contact-strategy-2026-09-24.md,already_present_exact_bytes
/Ascension Book/the-final-decision-v6.zip,historical_package_member,the-final-decision/06-development-notes/v6-daniels-letter-2026-09-23.md,17955faa5cb6d1b1930c60a8ffef66ea69a7c675a704872b495a51eb91ca630e,06-development-notes/v6-daniels-letter-2026-09-23.md,already_present_exact_bytes
/Ascension Book/the-final-decision-v6.zip,historical_package_member,the-final-decision/06-development-notes/v6-development-path-2026-09-23.md,5cd191c3d438db56d313b81e51174f469773427d7460eb33f812a1c8612bf50d,06-development-notes/v6-development-path-2026-09-23.md,already_present_exact_bytes
/Ascension Book/the-final-decision-v6.zip,historical_package_member,the-final-decision/06-development-notes/v6-readiness-assessment-2026-09-23.md,7e9991607c7093b453fe2687b0c6f264b98d71fe089b31ca0e4d391d538da1be,06-development-notes/v6-readiness-assessment-2026-09-23.md,already_present_exact_bytes
/Ascension Book/the-final-decision-v6.zip,historical_package_member,the-final-decision/06-development-notes/v6-revision-notes-2026-09-24.md,4c0270f5f996bb3b43686f866480083ed0300e02915aec31cf33fa6f07316d21,06-development-notes/v6-revision-notes-2026-09-24.md,already_present_exact_bytes
/Ascension Book/the-final-decision-v6.zip,historical_package_member,the-final-decision/06-development-notes/v6-todo.md,bd797ff166ce26f3487a8a02cc83c485cb58a4f5b32460b0240c4d22c90c6b93,06-development-notes/v6-todo.md,already_present_exact_bytes
/Ascension Book/the-final-decision-v6.zip,historical_package_member,the-final-decision/07-scene-workshop/book1-additions-per-chapter-2026-09-22.md,ad15b5e45b17a0cde7f54a48b60bfc44fcd2e5609bbc0ed6edb780c4a976f429,07-scene-workshop/book1-additions-per-chapter-2026-09-22.md,already_present_exact_bytes
/Ascension Book/the-final-decision-v6.zip,historical_package_member,the-final-decision/07-scene-workshop/paranoia-scenes-v1.md,3dbc9148c5bca8d6d6dd9fd4e87e8af03686ac601e69d9141df0c60b29aa9949,07-scene-workshop/paranoia-scenes-v1.md,already_present_exact_bytes
/Ascension Book/the-final-decision-v6.zip,historical_package_member,the-final-decision/07-scene-workshop/structure-and-motifs-2026-09-22.md,519d0d48b5ac6bf1804ce4f86e1237c62be6c403266c8eda6679443efb7b0f82,07-scene-workshop/structure-and-motifs-2026-09-22.md,already_present_exact_bytes
/Ascension Book/the-final-decision-v6.zip,historical_package_member,the-final-decision/08-production/README.md,d772199736e43668c815f09fdd8671e8a8d60909d4720434b830b6a99ea30538,99-archive/pre-v7-vessel-reference/08-production/README.md,already_present_exact_bytes
/Ascension Book/the-final-decision-v6.zip,historical_package_member,the-final-decision/08-production/__pycache__/render-book-v5.cpython-312.pyc,bc7ba2a8bc9c66e2b156373d59889f4a8046e532e08b0067ac72dd6f95693664,08-production/__pycache__/render-book-v5.cpython-312.pyc,already_present_exact_bytes
/Ascension Book/the-final-decision-v6.zip,historical_package_member,the-final-decision/08-production/render-book-v5.py,4336ed78d945960a547173fa7c4233c8c6ba2c55c7a0568618c893d3208348c6,08-production/render-book-v5.py,already_present_exact_bytes
/Ascension Book/the-final-decision-v6.zip,historical_package_member,the-final-decision/08-production/render-book-v6.py,6316836e0d7b07dfdbe6e127913681b12b3eeec3ce20ac41b806e1d605a554e9,08-production/render-book-v6.py,already_present_exact_bytes
/Ascension Book/the-final-decision-v6.zip,historical_package_member,the-final-decision/08-production/render-book.py,3774559856c86a87b977a02154feec85dc0e94423ba84b4481987e158458b183,08-production/render-book.py,already_present_exact_bytes
/Ascension Book/the-final-decision-v6.zip,historical_package_member,the-final-decision/08-production/v4-validation.json,a5436ccf12a7db4292525850f1c3d858c27646322f8fa611d6cec4dbaedbef79,08-production/v4-validation.json,already_present_exact_bytes
/Ascension Book/the-final-decision-v6.zip,historical_package_member,the-final-decision/08-production/v5-validation.json,b213d707e9c53d8bee2ba115f7103fd6c5b6c1732cf407aa76fd51dd1c3ab3f7,08-production/v5-validation.json,already_present_exact_bytes
/Ascension Book/the-final-decision-v6.zip,historical_package_member,the-final-decision/08-production/v6-validation.json,c4a106d9855ff078e661c25341d4c34d594a4ceabba865441d732aa904ff1c0b,08-production/v6-validation.json,already_present_exact_bytes
/Ascension Book/the-final-decision-v6.zip,historical_package_member,the-final-decision/99-archive/2026-09-session-notes/author-clarifications-source-2026-09-22.md,c48dd07ac7f525002a40737b3e66ea5bd4ffcfe1cf031fd7954208a3d6b5b94c,99-archive/2026-09-session-notes/author-clarifications-source-2026-09-22.md,already_present_exact_bytes
/Ascension Book/the-final-decision-v6.zip,historical_package_member,the-final-decision/99-archive/2026-09-session-notes/longevity-daniel-lab-professions.md,6016ea1d3c85bc1c79195e4c613389c671d496ea442e05a67e43dfd58085b273,99-archive/2026-09-session-notes/longevity-daniel-lab-professions.md,already_present_exact_bytes
/Ascension Book/the-final-decision-v6.zip,historical_package_member,the-final-decision/99-archive/2026-09-session-notes/plot-clarifications-source-2026-09-22.md,311996579773f758355c33daf20fc6facd058af0e5e7d5aa6a534c37647e99dd,99-archive/2026-09-session-notes/plot-clarifications-source-2026-09-22.md,already_present_exact_bytes
/Ascension Book/the-final-decision-v6.zip,historical_package_member,the-final-decision/99-archive/2026-09-session-notes/reality-haven-ark-exploration.md,f4df4d4dbedcdfd06fde64057ff0c0c5c369a247eba30f78b7c9e2c24f2a4006,99-archive/2026-09-session-notes/reality-haven-ark-exploration.md,already_present_exact_bytes
/Ascension Book/the-final-decision-v6.zip,historical_package_member,the-final-decision/99-archive/2026-09-session-notes/v6-planning-source-2026-09-23.md,df68ff243ba9998e5f1ba4d36808f1fefc80ab46e9a8b6cd5cd1bb69480e4713,99-archive/2026-09-session-notes/v6-planning-source-2026-09-23.md,already_present_exact_bytes
/Ascension Book/the-final-decision-v6.zip,historical_package_member,the-final-decision/99-archive/master-working-doc.md,f76c48503d76cece3a8ceeab6a9b5af2798f946b23d403a91eb6c4b0653beedc,99-archive/master-working-doc.md,already_present_exact_bytes
/Ascension Book/the-final-decision-v6.zip,historical_package_member,the-final-decision/99-archive/post-v4-notes/notes-before-seven-thresholds-2026-09-23.md,1e0724e4b89b6d3a29682a02be231ad8c09c08356cefa7457de26eca5986be6a,99-archive/post-v4-notes/notes-before-seven-thresholds-2026-09-23.md,already_present_exact_bytes
/Ascension Book/the-final-decision-v6.zip,historical_package_member,the-final-decision/99-archive/pre-v4-reference/01-bible/bible.md,1d67a623a7c986f403dad66a24a97245cff353f064b61687d878be8ce5b9897c,99-archive/pre-v4-reference/01-bible/bible.md,already_present_exact_bytes
/Ascension Book/the-final-decision-v6.zip,historical_package_member,the-final-decision/99-archive/pre-v4-reference/04-characters/character-sheets.md,63d634fd05f7ebdfcc0dff687dee79aff5a41e9c1b4e6737e18bc9f25b14d84b,99-archive/pre-v4-reference/04-characters/character-sheets.md,already_present_exact_bytes
/Ascension Book/the-final-decision-v6.zip,historical_package_member,the-final-decision/99-archive/pre-v4-reference/06-development-notes/README.md,d4dddc4a319f1903da469487efe2987160b95bccf3029f9a9370ddf632cdf769,99-archive/pre-v4-reference/06-development-notes/README.md,already_present_exact_bytes
/Ascension Book/the-final-decision-v6.zip,historical_package_member,the-final-decision/99-archive/pre-v4-reference/06-development-notes/author-clarifications-2026-09-22.md,e65a8b9534b92708897c557b27ec88c9d52c25b224bbbee8bdc74833d4147330,99-archive/pre-v4-reference/06-development-notes/author-clarifications-2026-09-22.md,already_present_exact_bytes
/Ascension Book/the-final-decision-v6.zip,historical_package_member,the-final-decision/99-archive/pre-v4-reference/06-development-notes/book-one-paradise-v3-review-2026-09-23.md,25d99788e1ed7b7d85a686bd23db1604ae6e7fe352c58b98b008a5491dcc4f6a,99-archive/pre-v4-reference/06-development-notes/book-one-paradise-v3-review-2026-09-23.md,already_present_exact_bytes
/Ascension Book/the-final-decision-v6.zip,historical_package_member,the-final-decision/99-archive/pre-v4-reference/06-development-notes/current-plot-summary-books-one-and-two.md,f97ff4c140c30dacb1d245c34e4a6175efe2f9adc35426130714eb091681e244,99-archive/pre-v4-reference/06-development-notes/current-plot-summary-books-one-and-two.md,already_present_exact_bytes
/Ascension Book/the-final-decision-v6.zip,historical_package_member,the-final-decision/99-archive/pre-v4-reference/06-development-notes/draft-1-editorial-review.md,fe41aa031d392bc21d97c14fb6ffbcc3254bfa9ee0e0ee2f3696707672c45cad,99-archive/pre-v4-reference/06-development-notes/draft-1-editorial-review.md,already_present_exact_bytes
/Ascension Book/the-final-decision-v6.zip,historical_package_member,the-final-decision/99-archive/pre-v4-reference/06-development-notes/plot-clarifications-and-mystery-boundaries-2026-09-22.md,fce115cb0e6592c45f24822df0a1403c1ae3acf797ff1b8013d77b27eeb9d6c6,99-archive/pre-v4-reference/06-development-notes/plot-clarifications-and-mystery-boundaries-2026-09-22.md,already_present_exact_bytes
/Ascension Book/the-final-decision-v6.zip,historical_package_member,the-final-decision/99-archive/pre-v4-reference/06-development-notes/provisional-design-notes-longevity-reality-ark.md,703822c4df1fc05f235b250571ac9220f9d8d6998dc0795599d16876f11d9b2d,99-archive/pre-v4-reference/06-development-notes/provisional-design-notes-longevity-reality-ark.md,already_present_exact_bytes
/Ascension Book/the-final-decision-v6.zip,historical_package_member,the-final-decision/99-archive/pre-v4-reference/06-development-notes/review-and-open-items-2026-09-22.md,201285f0d3afccf940d035902bca0d339cf459f563e38401f4f9c040b2913001,99-archive/pre-v4-reference/06-development-notes/review-and-open-items-2026-09-22.md,already_present_exact_bytes
/Ascension Book/the-final-decision-v6.zip,historical_package_member,the-final-decision/99-archive/pre-v4-reference/07-scene-workshop/book1-additions-per-chapter-2026-09-22.md,0029e2d304595aa2729418b464bb010e3f71c0d407526f234707c6538d0f2ad0,99-archive/pre-v4-reference/07-scene-workshop/book1-additions-per-chapter-2026-09-22.md,already_present_exact_bytes
/Ascension Book/the-final-decision-v6.zip,historical_package_member,the-final-decision/99-archive/pre-v4-reference/07-scene-workshop/paranoia-scenes-v1.md,3e61da610736951f5bcc98f6d45db67374b2c856c0a1facb5ba6da7e9395492b,99-archive/pre-v4-reference/07-scene-workshop/paranoia-scenes-v1.md,already_present_exact_bytes
/Ascension Book/the-final-decision-v6.zip,historical_package_member,the-final-decision/99-archive/pre-v4-reference/07-scene-workshop/structure-and-motifs-2026-09-22.md,7083de902931fe92afb45891bf09c0b2f37bc7b57ea269293f72f6302b62453e,99-archive/pre-v4-reference/07-scene-workshop/structure-and-motifs-2026-09-22.md,already_present_exact_bytes
/Ascension Book/the-final-decision-v6.zip,historical_package_member,the-final-decision/99-archive/pre-v4-reference/PROJECT-MERGE-MANIFEST.md,800771ef5d6f9c3e40a05d01674f05338de32e42c75b4c919ae905848bdaa939,99-archive/pre-v4-reference/PROJECT-MERGE-MANIFEST.md,already_present_exact_bytes
/Ascension Book/the-final-decision-v6.zip,historical_package_member,the-final-decision/99-archive/pre-v4-reference/README.md,1e15139d9041c0530995e9aafd74fcd74f9ee7fa5050bb7fcb9d5a43b332a576,99-archive/pre-v4-reference/README.md,already_present_exact_bytes
/Ascension Book/the-final-decision-v6.zip,historical_package_member,the-final-decision/99-archive/pre-v5-reference/01-bible/bible.md,315b85b13a8f447e48592df7da3ea1252177be96b6c927e738b9be3364e1cee3,99-archive/pre-v5-reference/01-bible/bible.md,already_present_exact_bytes
/Ascension Book/the-final-decision-v6.zip,historical_package_member,the-final-decision/99-archive/pre-v5-reference/04-characters/character-sheets.md,5878a5270b36762c48561aebef3de84d1f33fe714f7027cc6802662f06338cef,99-archive/pre-v5-reference/04-characters/character-sheets.md,already_present_exact_bytes
/Ascension Book/the-final-decision-v6.zip,historical_package_member,the-final-decision/99-archive/pre-v5-reference/06-development-notes/README.md,e488e80a6de3b20dc848e7043889eb09f46d0e6c4178ecfa5312ce75e9b26907,99-archive/pre-v5-reference/06-development-notes/README.md,already_present_exact_bytes
/Ascension Book/the-final-decision-v6.zip,historical_package_member,the-final-decision/99-archive/pre-v5-reference/06-development-notes/current-plot-summary-books-one-and-two.md,a6f811bc730a9599c29efa14d3a8963b96e48e472c05d71cd3f2161ff9a30ae8,99-archive/pre-v5-reference/06-development-notes/current-plot-summary-books-one-and-two.md,already_present_exact_bytes
/Ascension Book/the-final-decision-v6.zip,historical_package_member,the-final-decision/99-archive/pre-v5-reference/06-development-notes/post-v4-author-notes-2026-09-23.md,0fe0ab9ebc5d2f072b3446304e247353c6c6a533693bafe8b7473084e5904353,99-archive/pre-v5-reference/06-development-notes/post-v4-author-notes-2026-09-23.md,already_present_exact_bytes
/Ascension Book/the-final-decision-v6.zip,historical_package_member,the-final-decision/99-archive/pre-v5-reference/08-production/README.md,093b7dddc7c1b3d7326304fd90d76f2aef894fdf81dd9bacc7614109f5c6ee93,99-archive/pre-v5-reference/08-production/README.md,already_present_exact_bytes
/Ascension Book/the-final-decision-v6.zip,historical_package_member,the-final-decision/99-archive/pre-v5-reference/PROJECT-MERGE-MANIFEST.md,80742ae92df43ea9b26bf834c4e539bc87184b704f0ad7a175d9d3e68b47ff67,99-archive/pre-v5-reference/PROJECT-MERGE-MANIFEST.md,already_present_exact_bytes
/Ascension Book/the-final-decision-v6.zip,historical_package_member,the-final-decision/99-archive/pre-v5-reference/README.md,8dfd14b4ce4dcd1b9974ba1fde9af7cbc934953a72bc420f60b59202b3e00229,99-archive/pre-v5-reference/README.md,already_present_exact_bytes
/Ascension Book/the-final-decision-v6.zip,historical_package_member,the-final-decision/99-archive/pre-v6-planning-reference/06-development-notes/README.md,45065e2dd4663551af6689bb43eedc5c565a0993dfee48efe7bd8fc34e8da0f5,99-archive/pre-v6-planning-reference/06-development-notes/README.md,already_present_exact_bytes
/Ascension Book/the-final-decision-v6.zip,historical_package_member,the-final-decision/99-archive/pre-v6-planning-reference/PROJECT-MERGE-MANIFEST.md,bec75fa1cec3ff03520560d8c65da574efdaeb49cd598b1dbdc36513f10a5577,99-archive/pre-v6-planning-reference/PROJECT-MERGE-MANIFEST.md,already_present_exact_bytes
/Ascension Book/the-final-decision-v6.zip,historical_package_member,the-final-decision/99-archive/pre-v6-planning-reference/README.md,4f197a5ab18c201bb407ecf055540c437724e750f1b5e62df085dea1f11c0913,99-archive/pre-v6-planning-reference/README.md,already_present_exact_bytes
/Ascension Book/the-final-decision-v6.zip,historical_package_member,the-final-decision/99-archive/pre-v6-reference/01-bible/bible.md,471b5a6450c0761a88d498c7c16d227f9b91b5e2385a14e9fed44c020585dcba,99-archive/pre-v6-reference/01-bible/bible.md,already_present_exact_bytes
/Ascension Book/the-final-decision-v6.zip,historical_package_member,the-final-decision/99-archive/pre-v6-reference/04-characters/character-sheets.md,ec8685b1ba9f397177f8b4e3a41a1a6e88d9639b8877887cec955915e9992882,99-archive/pre-v6-reference/04-characters/character-sheets.md,already_present_exact_bytes
/Ascension Book/the-final-decision-v6.zip,historical_package_member,the-final-decision/99-archive/pre-v6-reference/04-characters/v6-character-profiles-2026-09-23.md,d880c587ac2ed0c451a9ca4607b734b9e70ef1eab6a0605b9564daea7fd23af0,99-archive/pre-v6-reference/04-characters/v6-character-profiles-2026-09-23.md,already_present_exact_bytes
/Ascension Book/the-final-decision-v6.zip,historical_package_member,the-final-decision/99-archive/pre-v6-reference/06-development-notes/README.md,c06d315e5c6d061b204cf99237d0756dcb5bf84b84399025e58006a81e997e21,99-archive/pre-v6-reference/06-development-notes/README.md,already_present_exact_bytes
/Ascension Book/the-final-decision-v6.zip,historical_package_member,the-final-decision/99-archive/pre-v6-reference/06-development-notes/current-plot-summary-books-one-and-two.md,57ce79a5895e650a7f604578b449d976cbe6dfbf30c6aff643956e36ebc5919c,99-archive/pre-v6-reference/06-development-notes/current-plot-summary-books-one-and-two.md,already_present_exact_bytes
/Ascension Book/the-final-decision-v6.zip,historical_package_member,the-final-decision/99-archive/pre-v6-reference/06-development-notes/v6-chapter-and-clue-outline-2026-09-24.md,2b53f35ac7180fa1b0b41b2ba395b51e1b46962e9dde507e20aec5419e3d2b69,99-archive/pre-v6-reference/06-development-notes/v6-chapter-and-clue-outline-2026-09-24.md,already_present_exact_bytes
/Ascension Book/the-final-decision-v6.zip,historical_package_member,the-final-decision/99-archive/pre-v6-reference/06-development-notes/v6-contact-strategy-2026-09-24.md,297ef0ed8e49bad8e40672f963bb09545adf1d1eab6d8000042089002568be2e,99-archive/pre-v6-reference/06-development-notes/v6-contact-strategy-2026-09-24.md,already_present_exact_bytes
/Ascension Book/the-final-decision-v6.zip,historical_package_member,the-final-decision/99-archive/pre-v6-reference/06-development-notes/v6-daniels-letter-2026-09-23.md,ef4b8bef48f237abf775bfe4787d926b3c45e2cea794705fb0b063eff91cfa66,99-archive/pre-v6-reference/06-development-notes/v6-daniels-letter-2026-09-23.md,already_present_exact_bytes
/Ascension Book/the-final-decision-v6.zip,historical_package_member,the-final-decision/99-archive/pre-v6-reference/06-development-notes/v6-development-path-2026-09-23.md,a6be5d5f0811b2b529233608daff60a36d91f456c7cbd8f24a606cd946e76910,99-archive/pre-v6-reference/06-development-notes/v6-development-path-2026-09-23.md,already_present_exact_bytes
/Ascension Book/the-final-decision-v6.zip,historical_package_member,the-final-decision/99-archive/pre-v6-reference/06-development-notes/v6-readiness-assessment-2026-09-23.md,e9258b6f42ded2c2f39a9aafb49ae993bacf00d95b02711def6d968d38a2f847,99-archive/pre-v6-reference/06-development-notes/v6-readiness-assessment-2026-09-23.md,already_present_exact_bytes
/Ascension Book/the-final-decision-v6.zip,historical_package_member,the-final-decision/99-archive/pre-v6-reference/06-development-notes/v6-todo.md,90d96674a7f0c074b522f1a8401853a801ece958d57da0f8a5b734ae089076ec,99-archive/pre-v6-reference/06-development-notes/v6-todo.md,already_present_exact_bytes
/Ascension Book/the-final-decision-v6.zip,historical_package_member,the-final-decision/99-archive/pre-v6-reference/08-production/README.md,30aac1a4defc8d78224ac141664d211843599e124e6f3894a4543a5aba2c75d9,99-archive/pre-v6-reference/08-production/README.md,already_present_exact_bytes
/Ascension Book/the-final-decision-v6.zip,historical_package_member,the-final-decision/99-archive/pre-v6-reference/PROJECT-MERGE-MANIFEST.md,d9f2614284cf325a267718e39ba6b3e1777c46754cb039f4fe24906eb11524fc,99-archive/pre-v6-reference/PROJECT-MERGE-MANIFEST.md,already_present_exact_bytes
/Ascension Book/the-final-decision-v6.zip,historical_package_member,the-final-decision/99-archive/pre-v6-reference/README.md,06107dae3996506a7477920fd3729dad4109eb9823a9c317fde4de02544f4b3c,99-archive/pre-v6-reference/README.md,already_present_exact_bytes
/Ascension Book/the-final-decision-v6.zip,historical_package_member,the-final-decision/99-archive/v6-planning-iterations/v6-chapter-and-clue-outline-2026-09-24-before-colleague-commentary.md,f5c6fda90d263792bfdda38bf68c89dc8ff13b8015cf008f002eb22938dc76d4,99-archive/v6-planning-iterations/v6-chapter-and-clue-outline-2026-09-24-before-colleague-commentary.md,already_present_exact_bytes
/Ascension Book/the-final-decision-v6.zip,historical_package_member,the-final-decision/99-archive/v6-planning-iterations/v6-chapter-and-clue-outline-2026-09-24-before-contact-strategy.md,f607b409504ee57f76ad19363210990f0df471b46220a9590be91b462285a1f9,99-archive/v6-planning-iterations/v6-chapter-and-clue-outline-2026-09-24-before-contact-strategy.md,already_present_exact_bytes
/Ascension Book/the-final-decision-v6.zip,historical_package_member,the-final-decision/99-archive/v6-planning-iterations/v6-chapter-and-clue-outline-2026-09-24-before-human-choice-refinements.md,08e8fdca3343869ed80c597145d8931c3f2ab242f1cec3936926a338e107648c,99-archive/v6-planning-iterations/v6-chapter-and-clue-outline-2026-09-24-before-human-choice-refinements.md,already_present_exact_bytes
/Ascension Book/the-final-decision-v6.zip,historical_package_member,the-final-decision/99-archive/v6-planning-iterations/v6-chapter-and-clue-outline-2026-09-24-before-publication-lead.md,1d7bf7c6ed9abca58e6ee08fd68af0ae99f3699799a3ee72963fce86d0bb6d3a,99-archive/v6-planning-iterations/v6-chapter-and-clue-outline-2026-09-24-before-publication-lead.md,already_present_exact_bytes
/Ascension Book/the-final-decision-v6.zip,historical_package_member,the-final-decision/99-archive/v6-planning-iterations/v6-chapter-and-clue-outline-before-ant-and-reunion-2026-09-24.md,482cc7bc8c9cf450ab809baf3160aa518ec26221ee73f1ea547a371b9b154b5d,99-archive/v6-planning-iterations/v6-chapter-and-clue-outline-before-ant-and-reunion-2026-09-24.md,already_present_exact_bytes
/Ascension Book/the-final-decision-v6.zip,historical_package_member,the-final-decision/99-archive/v6-planning-iterations/v6-chapter-and-clue-outline-before-message-route-2026-09-24.md,0f2861cb94be36538421a07cccff87ff6af0c57b838150afb1e50d06e23dcc9b,99-archive/v6-planning-iterations/v6-chapter-and-clue-outline-before-message-route-2026-09-24.md,already_present_exact_bytes
/Ascension Book/the-final-decision-v6.zip,historical_package_member,the-final-decision/99-archive/v6-planning-iterations/v6-character-profiles-2026-09-23-before-colleague-commentary.md,172ec0c23145638f855fa2cc52733d122ac7471962c1976ceb287c1cdbd16eb4,99-archive/v6-planning-iterations/v6-character-profiles-2026-09-23-before-colleague-commentary.md,already_present_exact_bytes
/Ascension Book/the-final-decision-v6.zip,historical_package_member,the-final-decision/99-archive/v6-planning-iterations/v6-character-profiles-2026-09-23-before-human-choice-refinements.md,d19c59d547d012e47ab30d962b320b28eae46ebbdf629768ad0928b65c2dcef6,99-archive/v6-planning-iterations/v6-character-profiles-2026-09-23-before-human-choice-refinements.md,already_present_exact_bytes
/Ascension Book/the-final-decision-v6.zip,historical_package_member,the-final-decision/99-archive/v6-planning-iterations/v6-character-profiles-2026-09-23-before-publication-lead.md,f0e65f926dcb3670fb12add056db0d4c7c92ca88e6322cf6d20bdf6e78321367,99-archive/v6-planning-iterations/v6-character-profiles-2026-09-23-before-publication-lead.md,already_present_exact_bytes
/Ascension Book/the-final-decision-v6.zip,historical_package_member,the-final-decision/99-archive/v6-planning-iterations/v6-character-profiles-before-ant-and-reunion-2026-09-24.md,1bfc6e9440532eefc36686580fd98a5bbe53a3a5b6066085d32bbeed39bdb7ff,99-archive/v6-planning-iterations/v6-character-profiles-before-ant-and-reunion-2026-09-24.md,already_present_exact_bytes
/Ascension Book/the-final-decision-v6.zip,historical_package_member,the-final-decision/99-archive/v6-planning-iterations/v6-character-profiles-before-chain-rock-2026-09-24.md,374b10aa27ff41a1ba63c6390d22ef9ead7288d1929a35433c08b26fe03d037e,99-archive/v6-planning-iterations/v6-character-profiles-before-chain-rock-2026-09-24.md,already_present_exact_bytes
/Ascension Book/the-final-decision-v6.zip,historical_package_member,the-final-decision/99-archive/v6-planning-iterations/v6-character-profiles-before-daniel-letter-2026-09-23.md,d85d639b2876dc8b3ee2aaba01353469a117a581a11c04e08f7fb42425d29ed3,99-archive/v6-planning-iterations/v6-character-profiles-before-daniel-letter-2026-09-23.md,already_present_exact_bytes
/Ascension Book/the-final-decision-v6.zip,historical_package_member,the-final-decision/99-archive/v6-planning-iterations/v6-character-profiles-before-message-route-2026-09-24.md,c04d84f04abd056006b8f6351b45d2612bc1c50b303d0c12f249810042f323e2,99-archive/v6-planning-iterations/v6-character-profiles-before-message-route-2026-09-24.md,already_present_exact_bytes
/Ascension Book/the-final-decision-v6.zip,historical_package_member,the-final-decision/99-archive/v6-planning-iterations/v6-character-profiles-before-parental-forgiveness-2026-09-24.md,cb2f10f78a30e533fa5501fb8a11698ec00f42cbfbdb47568a5596859ea859f4,99-archive/v6-planning-iterations/v6-character-profiles-before-parental-forgiveness-2026-09-24.md,already_present_exact_bytes
/Ascension Book/the-final-decision-v6.zip,historical_package_member,the-final-decision/99-archive/v6-planning-iterations/v6-character-profiles-before-ruth-handover-2026-09-23.md,dcc904a4bc0d96a1a893607e0714dd8325b5169bba1667be95e63807fe30c4cd,99-archive/v6-planning-iterations/v6-character-profiles-before-ruth-handover-2026-09-23.md,already_present_exact_bytes
/Ascension Book/the-final-decision-v6.zip,historical_package_member,the-final-decision/99-archive/v6-planning-iterations/v6-contact-strategy-2026-09-24-before-human-choice-refinements.md,927f252d80a153fc16ba11ba12d7fc11b40ce52822dd31b45094f2ceaa5dd0b3,99-archive/v6-planning-iterations/v6-contact-strategy-2026-09-24-before-human-choice-refinements.md,already_present_exact_bytes
/Ascension Book/the-final-decision-v6.zip,historical_package_member,the-final-decision/99-archive/v6-planning-iterations/v6-daniels-letter-before-ant-and-reunion-2026-09-24.md,4718c175e2e4ddc972bcb4d0c58183e143329562ecbc4c48a5ca16fcb9f65085,99-archive/v6-planning-iterations/v6-daniels-letter-before-ant-and-reunion-2026-09-24.md,already_present_exact_bytes
/Ascension Book/the-final-decision-v6.zip,historical_package_member,the-final-decision/99-archive/v6-planning-iterations/v6-daniels-letter-before-chain-rock-2026-09-24.md,cde9bbc01a63016cc7fb8738a2d9f9766baccf4deba12fab1e9dadeb5c6e3176,99-archive/v6-planning-iterations/v6-daniels-letter-before-chain-rock-2026-09-24.md,already_present_exact_bytes
/Ascension Book/the-final-decision-v6.zip,historical_package_member,the-final-decision/99-archive/v6-planning-iterations/v6-daniels-letter-before-parental-forgiveness-2026-09-24.md,c3c37c2adbf8984bf41a12a61ab75677245f299c72b5173c10b259adf94f3860,99-archive/v6-planning-iterations/v6-daniels-letter-before-parental-forgiveness-2026-09-24.md,already_present_exact_bytes
/Ascension Book/the-final-decision-v6.zip,historical_package_member,the-final-decision/99-archive/v6-planning-iterations/v6-daniels-letter-before-ruth-handover-2026-09-23.md,7ab7367e66aa65153110b154e91980ece13d1323e1d3f87d1a05d584c0247008,99-archive/v6-planning-iterations/v6-daniels-letter-before-ruth-handover-2026-09-23.md,already_present_exact_bytes
/Ascension Book/the-final-decision-v6.zip,historical_package_member,the-final-decision/99-archive/v6-planning-iterations/v6-development-path-2026-09-23-before-colleague-commentary.md,db6dbf3e89c15964319b8509b1dc3b39e1255971b1e845a15fb86136aee1a92e,99-archive/v6-planning-iterations/v6-development-path-2026-09-23-before-colleague-commentary.md,already_present_exact_bytes
/Ascension Book/the-final-decision-v6.zip,historical_package_member,the-final-decision/99-archive/v6-planning-iterations/v6-development-path-2026-09-23-before-contact-strategy.md,2af02b326edcb905e98606512c19dcf2aae66bf017b92e561ff83b3865f297a7,99-archive/v6-planning-iterations/v6-development-path-2026-09-23-before-contact-strategy.md,already_present_exact_bytes
/Ascension Book/the-final-decision-v6.zip,historical_package_member,the-final-decision/99-archive/v6-planning-iterations/v6-development-path-2026-09-23-before-human-choice-refinements.md,a1cfafdf5b4a742f2863d1ca469418089a9b76c25d414ef1c7253579eeb8234c,99-archive/v6-planning-iterations/v6-development-path-2026-09-23-before-human-choice-refinements.md,already_present_exact_bytes
/Ascension Book/the-final-decision-v6.zip,historical_package_member,the-final-decision/99-archive/v6-planning-iterations/v6-development-path-2026-09-23-before-publication-lead.md,742818d36e2a1a18da06b8434e036e6079c9034df0a7e9ea93331f8e9c6a6180,99-archive/v6-planning-iterations/v6-development-path-2026-09-23-before-publication-lead.md,already_present_exact_bytes
/Ascension Book/the-final-decision-v6.zip,historical_package_member,the-final-decision/99-archive/v6-planning-iterations/v6-development-path-before-aerospace-attention-2026-09-23.md,1cd961e1efed0e251b167fdbf048aa7c31c2cddaa320fa2bcc84e033fd8024b3,99-archive/v6-planning-iterations/v6-development-path-before-aerospace-attention-2026-09-23.md,already_present_exact_bytes
/Ascension Book/the-final-decision-v6.zip,historical_package_member,the-final-decision/99-archive/v6-planning-iterations/v6-development-path-before-ant-and-reunion-2026-09-24.md,2a5596737edf998b0ec716645b406788d2041879f72b75ebff440a2a66c6d255,99-archive/v6-planning-iterations/v6-development-path-before-ant-and-reunion-2026-09-24.md,already_present_exact_bytes
/Ascension Book/the-final-decision-v6.zip,historical_package_member,the-final-decision/99-archive/v6-planning-iterations/v6-development-path-before-chain-rock-2026-09-24.md,e49d1841c00f0a7c52aa8ca375ec0ce9375df1f0b0b44e6c0fe76c1e35ca8756,99-archive/v6-planning-iterations/v6-development-path-before-chain-rock-2026-09-24.md,already_present_exact_bytes
/Ascension Book/the-final-decision-v6.zip,historical_package_member,the-final-decision/99-archive/v6-planning-iterations/v6-development-path-before-chapter-outline-2026-09-24.md,11c385795e2c96a2858fa857627a703913a89679d62630151c1e5b75430ddbf9,99-archive/v6-planning-iterations/v6-development-path-before-chapter-outline-2026-09-24.md,already_present_exact_bytes
/Ascension Book/the-final-decision-v6.zip,historical_package_member,the-final-decision/99-archive/v6-planning-iterations/v6-development-path-before-crossing-dreams-2026-09-23.md,8acaa92d6d85ebe731ad546db35ee2cddcc7282c56c97732e2fca91b0110fa2b,99-archive/v6-planning-iterations/v6-development-path-before-crossing-dreams-2026-09-23.md,already_present_exact_bytes
/Ascension Book/the-final-decision-v6.zip,historical_package_member,the-final-decision/99-archive/v6-planning-iterations/v6-development-path-before-daniel-letter-2026-09-23.md,66ed47c9882b0113c966ed319c7b3cb1489ac28b0579194688e44c9dd2583b50,99-archive/v6-planning-iterations/v6-development-path-before-daniel-letter-2026-09-23.md,already_present_exact_bytes
/Ascension Book/the-final-decision-v6.zip,historical_package_member,the-final-decision/99-archive/v6-planning-iterations/v6-development-path-before-family-contact-2026-09-23.md,9a1b5ebafce4eebc066a97c193198e634e775428f811101bf40ec1e751882fea,99-archive/v6-planning-iterations/v6-development-path-before-family-contact-2026-09-23.md,already_present_exact_bytes
/Ascension Book/the-final-decision-v6.zip,historical_package_member,the-final-decision/99-archive/v6-planning-iterations/v6-development-path-before-habitat-meaning-2026-09-23.md,c91d8304fc99edfeb7bbf44ae996ced82b9262420398a4a454964717b76c6822,99-archive/v6-planning-iterations/v6-development-path-before-habitat-meaning-2026-09-23.md,already_present_exact_bytes
/Ascension Book/the-final-decision-v6.zip,historical_package_member,the-final-decision/99-archive/v6-planning-iterations/v6-development-path-before-hesk-trust-closure-2026-09-23.md,dba6e08ba11d883a6d0ac28fe8dc5ded52b22d06c69922cb1a018318f6a689a3,99-archive/v6-planning-iterations/v6-development-path-before-hesk-trust-closure-2026-09-23.md,already_present_exact_bytes
/Ascension Book/the-final-decision-v6.zip,historical_package_member,the-final-decision/99-archive/v6-planning-iterations/v6-development-path-before-map-windows-mythology-2026-09-23.md,fbd66e17c05c2023b2473670aa8249bdff4807f37208917cb5d1e361485e493e,99-archive/v6-planning-iterations/v6-development-path-before-map-windows-mythology-2026-09-23.md,already_present_exact_bytes
/Ascension Book/the-final-decision-v6.zip,historical_package_member,the-final-decision/99-archive/v6-planning-iterations/v6-development-path-before-message-route-2026-09-24.md,950b0b6fc3ecfdcbe5c468af57793aacb57b75bde0942c5eb265abc4ae827335,99-archive/v6-planning-iterations/v6-development-path-before-message-route-2026-09-24.md,already_present_exact_bytes
/Ascension Book/the-final-decision-v6.zip,historical_package_member,the-final-decision/99-archive/v6-planning-iterations/v6-development-path-before-parental-forgiveness-2026-09-24.md,dd93bfad8bf73e2e08d1a73bd1486059919058ca2af09e10ebbf9614c842f7a8,99-archive/v6-planning-iterations/v6-development-path-before-parental-forgiveness-2026-09-24.md,already_present_exact_bytes
/Ascension Book/the-final-decision-v6.zip,historical_package_member,the-final-decision/99-archive/v6-planning-iterations/v6-development-path-before-preserved-options-2026-09-23.md,2938cdd1e764e1d97e57a941c6f49afe286752214a02167ac8b9e8bb47d89316,99-archive/v6-planning-iterations/v6-development-path-before-preserved-options-2026-09-23.md,already_present_exact_bytes
/Ascension Book/the-final-decision-v6.zip,historical_package_member,the-final-decision/99-archive/v6-planning-iterations/v6-development-path-before-quiet-ending-assessment-2026-09-23.md,d2efc942429acc10106d5d1caebd61b9d76732128cbc74636c0b5b23fcbc4ea3,99-archive/v6-planning-iterations/v6-development-path-before-quiet-ending-assessment-2026-09-23.md,already_present_exact_bytes
/Ascension Book/the-final-decision-v6.zip,historical_package_member,the-final-decision/99-archive/v6-planning-iterations/v6-development-path-before-quiet-transition-2026-09-23.md,d6f58c8c3e59610b8c345b24e38533affcaf4858a4464f4259f32ada535ad032,99-archive/v6-planning-iterations/v6-development-path-before-quiet-transition-2026-09-23.md,already_present_exact_bytes
/Ascension Book/the-final-decision-v6.zip,historical_package_member,the-final-decision/99-archive/v6-planning-iterations/v6-development-path-before-ruth-handover-2026-09-23.md,0260b9f93b26c5bc18adc85e4998076320bc131e7f1cadeefa431a57978b9962,99-archive/v6-planning-iterations/v6-development-path-before-ruth-handover-2026-09-23.md,already_present_exact_bytes
/Ascension Book/the-final-decision-v6.zip,historical_package_member,the-final-decision/99-archive/v6-planning-iterations/v6-readiness-assessment-2026-09-23-before-human-choice-refinements.md,e49e21b0513116d4859823590b44a6b781e6aecfa10c35593f34c4c76907f0c6,99-archive/v6-planning-iterations/v6-readiness-assessment-2026-09-23-before-human-choice-refinements.md,already_present_exact_bytes
/Ascension Book/the-final-decision-v6.zip,historical_package_member,the-final-decision/99-archive/v6-planning-iterations/v6-readiness-assessment-2026-09-23-before-publication-lead.md,dc67fa74f73c377cccc335b712e65ce2548bffba6d5c1dd80b26f0f042444729,99-archive/v6-planning-iterations/v6-readiness-assessment-2026-09-23-before-publication-lead.md,already_present_exact_bytes
/Ascension Book/the-final-decision-v6.zip,historical_package_member,the-final-decision/99-archive/v6-planning-iterations/v6-readiness-assessment-before-daniel-letter-2026-09-23.md,1238ba2f4be50a1f8cce00778445535dd3bf1fb381431f459f49644e9857be4a,99-archive/v6-planning-iterations/v6-readiness-assessment-before-daniel-letter-2026-09-23.md,already_present_exact_bytes
/Ascension Book/the-final-decision-v6.zip,historical_package_member,the-final-decision/99-archive/v6-planning-iterations/v6-readiness-assessment-before-family-contact-2026-09-23.md,df062a79ec1a0a51173dad98c7c971d2fe2e55571239103162d52caffca96bc5,99-archive/v6-planning-iterations/v6-readiness-assessment-before-family-contact-2026-09-23.md,already_present_exact_bytes
/Ascension Book/the-final-decision-v6.zip,historical_package_member,the-final-decision/99-archive/v6-planning-iterations/v6-readiness-assessment-before-ruth-handover-2026-09-23.md,6a3d01bd009e4af0d3de47f6fe2ec6c53271180aa8960f012a8473278025ba56,99-archive/v6-planning-iterations/v6-readiness-assessment-before-ruth-handover-2026-09-23.md,already_present_exact_bytes
/Ascension Book/the-final-decision-v6.zip,historical_package_member,the-final-decision/99-archive/v6-planning-iterations/v6-todo-before-ant-and-reunion-2026-09-24.md,04b337f986f2600de9ad67c27a2fc75626221bbde608b0f66c398f3b8cad3f70,99-archive/v6-planning-iterations/v6-todo-before-ant-and-reunion-2026-09-24.md,already_present_exact_bytes
/Ascension Book/the-final-decision-v6.zip,historical_package_member,the-final-decision/99-archive/v6-planning-iterations/v6-todo-before-chain-rock-2026-09-24.md,c861ad420142f977fa3552f3f6152751801a93b176aa4ceac1bb2077b55e1b4f,99-archive/v6-planning-iterations/v6-todo-before-chain-rock-2026-09-24.md,already_present_exact_bytes
/Ascension Book/the-final-decision-v6.zip,historical_package_member,the-final-decision/99-archive/v6-planning-iterations/v6-todo-before-chapter-outline-2026-09-24.md,33f1f17641bc474d27edd40bfaddaa797f53a8b3875b4c829f3f25c49736bf79,99-archive/v6-planning-iterations/v6-todo-before-chapter-outline-2026-09-24.md,already_present_exact_bytes
/Ascension Book/the-final-decision-v6.zip,historical_package_member,the-final-decision/99-archive/v6-planning-iterations/v6-todo-before-colleague-commentary.md,cbc20f7a3a48215e044fbb0eb29ffa81d0e392451a2ec089a019a0b2a7273dc3,99-archive/v6-planning-iterations/v6-todo-before-colleague-commentary.md,already_present_exact_bytes
/Ascension Book/the-final-decision-v6.zip,historical_package_member,the-final-decision/99-archive/v6-planning-iterations/v6-todo-before-contact-strategy.md,65635a8386240d191cee36284343e34a5fd468e3c94d98f29b215c401287d2ca,99-archive/v6-planning-iterations/v6-todo-before-contact-strategy.md,already_present_exact_bytes
/Ascension Book/the-final-decision-v6.zip,historical_package_member,the-final-decision/99-archive/v6-planning-iterations/v6-todo-before-daniel-letter-2026-09-23.md,08f83b4f08f1bdfb8fc8a22e1ffe92eb66ef825fc3fb5a58a5829e436de1a0cd,99-archive/v6-planning-iterations/v6-todo-before-daniel-letter-2026-09-23.md,already_present_exact_bytes
/Ascension Book/the-final-decision-v6.zip,historical_package_member,the-final-decision/99-archive/v6-planning-iterations/v6-todo-before-family-contact-2026-09-23.md,df1a5cb78b400d1d40510ea2d2179b0985128b20c0b0ffa2645f103d92a7161b,99-archive/v6-planning-iterations/v6-todo-before-family-contact-2026-09-23.md,already_present_exact_bytes
/Ascension Book/the-final-decision-v6.zip,historical_package_member,the-final-decision/99-archive/v6-planning-iterations/v6-todo-before-habitat-meaning-2026-09-23.md,a2176183c4a29c65ddae2a6774dbcf88db73390b3275dfb6654ab2497280ace9,99-archive/v6-planning-iterations/v6-todo-before-habitat-meaning-2026-09-23.md,already_present_exact_bytes
/Ascension Book/the-final-decision-v6.zip,historical_package_member,the-final-decision/99-archive/v6-planning-iterations/v6-todo-before-hesk-trust-closure-2026-09-23.md,50faec15c810179940a130b1ac77afd9774e7f926cf51b1d56c1c6ab819aa890,99-archive/v6-planning-iterations/v6-todo-before-hesk-trust-closure-2026-09-23.md,already_present_exact_bytes
/Ascension Book/the-final-decision-v6.zip,historical_package_member,the-final-decision/99-archive/v6-planning-iterations/v6-todo-before-human-choice-refinements.md,a925d5ce695ff0f7d0459794ddab443f08dec4f5968d0b89149dfb881f960955,99-archive/v6-planning-iterations/v6-todo-before-human-choice-refinements.md,already_present_exact_bytes
/Ascension Book/the-final-decision-v6.zip,historical_package_member,the-final-decision/99-archive/v6-planning-iterations/v6-todo-before-map-windows-mythology-2026-09-23.md,43f175a75ee6a26f98aa90ce02433e3f180526f7882d29d7af289e1282a90354,99-archive/v6-planning-iterations/v6-todo-before-map-windows-mythology-2026-09-23.md,already_present_exact_bytes
/Ascension Book/the-final-decision-v6.zip,historical_package_member,the-final-decision/99-archive/v6-planning-iterations/v6-todo-before-message-route-2026-09-24.md,f14d18f305456832fbfdd600fe3adba91b6b3a18d10213e1612d1acdb313dd9a,99-archive/v6-planning-iterations/v6-todo-before-message-route-2026-09-24.md,already_present_exact_bytes
/Ascension Book/the-final-decision-v6.zip,historical_package_member,the-final-decision/99-archive/v6-planning-iterations/v6-todo-before-parental-forgiveness-2026-09-24.md,2e8b0c068311f1be42731940155ec430bc60569d995ea9faddabc42503ad160c,99-archive/v6-planning-iterations/v6-todo-before-parental-forgiveness-2026-09-24.md,already_present_exact_bytes
/Ascension Book/the-final-decision-v6.zip,historical_package_member,the-final-decision/99-archive/v6-planning-iterations/v6-todo-before-preserved-options-2026-09-23.md,74b2e60a92246987779776712408e697fae25ddbf6b5dbc9fbf6510894d31795,99-archive/v6-planning-iterations/v6-todo-before-preserved-options-2026-09-23.md,already_present_exact_bytes
/Ascension Book/the-final-decision-v6.zip,historical_package_member,the-final-decision/99-archive/v6-planning-iterations/v6-todo-before-publication-lead.md,528b5590231a8bbc9277cb1ae88a63b17cb824b325d114acb3c6a2efadf79bc8,99-archive/v6-planning-iterations/v6-todo-before-publication-lead.md,already_present_exact_bytes
/Ascension Book/the-final-decision-v6.zip,historical_package_member,the-final-decision/99-archive/v6-planning-iterations/v6-todo-before-quiet-ending-assessment-2026-09-23.md,c0b59ae695079b78c9cb323ad5cf46a10365aa8065a2fdd31483b7ebc22a5580,99-archive/v6-planning-iterations/v6-todo-before-quiet-ending-assessment-2026-09-23.md,already_present_exact_bytes
/Ascension Book/the-final-decision-v6.zip,historical_package_member,the-final-decision/99-archive/v6-planning-iterations/v6-todo-before-quiet-transition-2026-09-23.md,3cc6d20a27f562daa6b208cc05d9807cf555b2c17681ff1487e4dd2fa6471078,99-archive/v6-planning-iterations/v6-todo-before-quiet-transition-2026-09-23.md,already_present_exact_bytes
/Ascension Book/the-final-decision-v6.zip,historical_package_member,the-final-decision/99-archive/v6-planning-iterations/v6-todo-before-ruth-handover-2026-09-23.md,62b8a1ffe9df94707e263c9e21dbbd26fe75d85e08ecfc01992538a8a267013f,99-archive/v6-planning-iterations/v6-todo-before-ruth-handover-2026-09-23.md,already_present_exact_bytes
/Ascension Book/the-final-decision-v6.zip,historical_package_member,the-final-decision/PROJECT-MERGE-MANIFEST.md,9f658f1c9b19e8fb38c1611fd19e3ad1a95437932f3b84c6d4b1b675b926db7a,PROJECT-MERGE-MANIFEST.md,already_present_exact_bytes
/Ascension Book/the-final-decision-v6.zip,historical_package_member,the-final-decision/README.md,08550bdfcba0d92b8430b3304ded4c4bec490592f72e9c311236e7152e87a3ea,99-archive/pre-v7-vessel-reference/README.md,already_present_exact_bytes
/Ascension Book/the-final-decision-v6.zip,historical_package_member,the-final-decision/06-development-notes/v6-external-review-assessment-2026-09-24.md,a310914c6a75de8acbba6e6948b0dc1a0d833c569b800f47b12edcc79dfc9e7d,06-development-notes/v6-external-review-assessment-2026-09-24.md,already_present_exact_bytes
/Ascension Book/the-final-decision-v6.zip,historical_package_member,the-final-decision/06-development-notes/the-final-decision-cover-line-2026-09-24.md,977c7ac4f5d955522fdfffbdac6bf9cf6276eb93d408b161f42a3ba9cd24637a,06-development-notes/the-final-decision-cover-line-2026-09-24.md,already_present_exact_bytes
/Ascension Book/the-final-decision-v6.zip,historical_package_member,the-final-decision/06-development-notes/v7-philosophy-and-mythology-2026-09-24.md,90c1e0de5800736a2ba02b8f44d4238f1d5ee6b224cca178078f8074a51da387,99-archive/pre-v7-vessel-reference/06-development-notes/v7-philosophy-and-mythology-2026-09-24.md,already_present_exact_bytes
/Ascension Book/the-final-decision-v6.zip,historical_package_member,the-final-decision/06-development-notes/v7-revision-checklist-2026-09-24.md,575718aff93c939c1bb2a005d57e37e76aab13470df52f5abc748fae00fcb8f1,99-archive/pre-v7-vessel-reference/06-development-notes/v7-revision-checklist-2026-09-24.md,already_present_exact_bytes
/Ascension Book/the-final-decision-v6.zip,historical_package_member,the-final-decision/08-production/v7-planning-documentation-validation.json,b61ddd1e9982a43719f5d8c36fb974965fdcffeb047421d9c90fe2b4721a3b8e,08-production/v7-planning-documentation-validation.json,already_present_exact_bytes
/Ascension Book/the-final-decision-v6.zip,historical_package_member,the-final-decision/99-archive/pre-v7-planning-reference/01-bible/bible.md,f643d3ca24008df84a9787613ba536ac5b4c9d62748614f262c1dd0238fad892,99-archive/pre-v7-planning-reference/01-bible/bible.md,already_present_exact_bytes
/Ascension Book/the-final-decision-v6.zip,historical_package_member,the-final-decision/99-archive/pre-v7-planning-reference/06-development-notes/README.md,f38a7c7d48c36f5b4c725682eefca26b5f0ed607ec99bd9234d45012ef3ed362,99-archive/pre-v7-planning-reference/06-development-notes/README.md,already_present_exact_bytes
/Ascension Book/the-final-decision-v6.zip,historical_package_member,the-final-decision/99-archive/pre-v7-planning-reference/README.md,6ecdc3cd932b71fc43cfdddced13324760569e9aa4b75d0c65b7b75c6a77e3bd,99-archive/pre-v7-planning-reference/README.md,already_present_exact_bytes
/Ascension Book/the-final-decision.zip,historical_package_member,the-final-decision/.gitignore,5ed259eeea458683da33850a003cad867014951687bc5154dec067f6adcb741b,.gitignore,already_present_exact_bytes
/Ascension Book/the-final-decision.zip,historical_package_member,the-final-decision/01-bible/bible.md,46700d7233b700cd389afd6e03a5a6c6849f2850581b999cb0bb2afbe302b99d,99-archive/recovered-package-versions/source-05-the-final-decision/01-bible/bible.md,added_distinct_historical_content
/Ascension Book/the-final-decision.zip,historical_package_member,the-final-decision/02-book-one/book-one-paradise.md,b507a838d3feca50909393c95495c230c5ddca24689b6aaf5dcbd721c6a20a13,99-archive/recovered-package-versions/source-05-the-final-decision/02-book-one/book-one-paradise.md,added_distinct_historical_content
/Ascension Book/the-final-decision.zip,historical_package_member,the-final-decision/02-book-one/book-one-paradise.pdf,252a127f72a63f81620d51efe8a15605b29e048761ab72ab7d700733d533aa36,99-archive/recovered-package-versions/source-05-the-final-decision/02-book-one/book-one-paradise.pdf,added_distinct_historical_content
/Ascension Book/the-final-decision.zip,historical_package_member,the-final-decision/03-screen/crossing-sequence.md,9f3d6a4db25ccc5d9e9c0010c44fa7c8eccd7559697ea3656c67eee9ddd5af9a,03-screen/crossing-sequence.md,already_present_exact_bytes
/Ascension Book/the-final-decision.zip,historical_package_member,the-final-decision/03-screen/pilot-and-pitch.md,f6a2a35538a948c6e2d5207c8675d4a75c86102b4a8231f6d35ee4397ae58fc9,03-screen/pilot-and-pitch.md,already_present_exact_bytes
/Ascension Book/the-final-decision.zip,historical_package_member,the-final-decision/04-characters/character-sheets.md,38365a5cb95087c024656dadb7f1e65a0509e3fae4f0bd06e83270b58ec94794,99-archive/recovered-package-versions/source-05-the-final-decision/04-characters/character-sheets.md,added_distinct_historical_content
/Ascension Book/the-final-decision.zip,historical_package_member,the-final-decision/05-art/laniakea-tree.png,9fe7c4268f25209f014bb3561ed78bebfb680ca2119da8ace99a6202241e4552,05-art/laniakea-tree.png,already_present_exact_bytes
/Ascension Book/the-final-decision.zip,historical_package_member,the-final-decision/99-archive/master-working-doc.md,f76c48503d76cece3a8ceeab6a9b5af2798f946b23d403a91eb6c4b0653beedc,99-archive/master-working-doc.md,already_present_exact_bytes
/Ascension Book/the-final-decision.zip,historical_package_member,the-final-decision/README.md,59d6ebc3a94d0b326099f2c1190ad03e8d2481c790f929e320e75826988b0b6e,99-archive/recovered-package-versions/source-05-the-final-decision/README.md,added_distinct_historical_content
/Ascension Book/v4-revision-notes-2026-09-23.md,standalone_document,,61326df34a8f2790a3d754ccca4560ff2f59edb1e960ca3113868d2b5dc79654,06-development-notes/v4-revision-notes-2026-09-23.md,already_present_exact_bytes
/Ascension Book/v5-revision-notes-2026-09-23.md,standalone_document,,f5044f95b9fb5a0c527f0f1ed138d3aa2f5ed1430b6c99a17f3c2c82bdd5f4db,06-development-notes/v5-revision-notes-2026-09-23.md,already_present_exact_bytes
/Ascension Book/v6-chapter-and-clue-outline-2026-09-24.md,standalone_document,,eb5eee87a3c8f1da1506f5706209d83c112c15b1b3ce3cf93318d0dbffdf73fd,06-development-notes/v6-chapter-and-clue-outline-2026-09-24.md,already_present_exact_bytes
/Ascension Book/v6-character-profiles-2026-09-23.md,standalone_document,,b3a64c0a821747c8291ec839d63ab8da7fc858323a6673c01ad6ae705c771995,04-characters/v6-character-profiles-2026-09-23.md,already_present_exact_bytes
/Ascension Book/v6-contact-strategy-2026-09-24.md,standalone_document,,0a03a11f5eb8c7f2be7e7a1ef3d6074d73b43eb0caf163ba91ce38220858de81,06-development-notes/v6-contact-strategy-2026-09-24.md,already_present_exact_bytes
/Ascension Book/v6-daniels-letter-2026-09-23.md,standalone_document,,17955faa5cb6d1b1930c60a8ffef66ea69a7c675a704872b495a51eb91ca630e,06-development-notes/v6-daniels-letter-2026-09-23.md,already_present_exact_bytes
/Ascension Book/v6-development-path-2026-09-23.md,standalone_document,,5cd191c3d438db56d313b81e51174f469773427d7460eb33f812a1c8612bf50d,06-development-notes/v6-development-path-2026-09-23.md,already_present_exact_bytes
/Ascension Book/v6-external-review-assessment-2026-09-24.md,standalone_document,,a310914c6a75de8acbba6e6948b0dc1a0d833c569b800f47b12edcc79dfc9e7d,06-development-notes/v6-external-review-assessment-2026-09-24.md,already_present_exact_bytes
/Ascension Book/v6-readiness-assessment-2026-09-23.md,standalone_document,,7e9991607c7093b453fe2687b0c6f264b98d71fe089b31ca0e4d391d538da1be,06-development-notes/v6-readiness-assessment-2026-09-23.md,already_present_exact_bytes
/Ascension Book/v6-revision-notes-2026-09-24.md,standalone_document,,4c0270f5f996bb3b43686f866480083ed0300e02915aec31cf33fa6f07316d21,06-development-notes/v6-revision-notes-2026-09-24.md,already_present_exact_bytes
/Ascension Book/v6-todo.md,standalone_document,,bd797ff166ce26f3487a8a02cc83c485cb58a4f5b32460b0240c4d22c90c6b93,06-development-notes/v6-todo.md,already_present_exact_bytes
/Ascension Book/v7-philosophy-and-mythology-2026-09-24.md,standalone_document,,bf39114065caa7573269331655d3c28f6c62f7f732a9f7917bc4eaf479fd1376,06-development-notes/v7-philosophy-and-mythology-2026-09-24.md,already_present_exact_bytes
/Ascension Book/v7-revision-checklist-2026-09-24.md,standalone_document,,4e8636a2480e441136eb61911a0766e08ce75164664aa68d6ce8908bad85efe1,99-archive/pre-nonhuman-ark-proposal-reference/06-development-notes/v7-revision-checklist-2026-09-24.md,already_present_exact_bytes
/Ascension Book/v7-vessel-and-trilogy-philosophy-2026-09-24.md,standalone_document,,406581fb42caff9cc7a149de1d35d964f85b39b2df509114f85fd0ec322e93e7,06-development-notes/v7-vessel-and-trilogy-philosophy-2026-09-24.md,already_present_exact_bytes
/the-final-decision.zip,historical_package_member,the-final-decision/.gitignore,5ed259eeea458683da33850a003cad867014951687bc5154dec067f6adcb741b,.gitignore,already_present_exact_bytes
/the-final-decision.zip,historical_package_member,the-final-decision/01-bible/bible.md,1d67a623a7c986f403dad66a24a97245cff353f064b61687d878be8ce5b9897c,99-archive/pre-v4-reference/01-bible/bible.md,already_present_exact_bytes
/the-final-decision.zip,historical_package_member,the-final-decision/02-book-one/book-one-paradise-v2.md,86495a159014369b715a8d6d79102f11144d14731b31aa0a14ec468166edadd2,02-book-one/book-one-paradise-v2.md,already_present_exact_bytes
/the-final-decision.zip,historical_package_member,the-final-decision/02-book-one/book-one-paradise-v2.pdf,4a2b08d9cce4ba223fc5a1c03a7cf7bd93fac6891d1d7ca7032d63c6c2990129,02-book-one/book-one-paradise-v2.pdf,already_present_exact_bytes
/the-final-decision.zip,historical_package_member,the-final-decision/02-book-one/book-one-paradise-v3.md,654f3ce6894a0ca79f83c79c46ec2fed99c33fc69b88f07d7e1a2e4c72903590,02-book-one/book-one-paradise-v3.md,already_present_exact_bytes
/the-final-decision.zip,historical_package_member,the-final-decision/02-book-one/book-one-paradise-v3.pdf,84c9f2bfeb9bd866c446e534b7a51e7c8429ddc9f45f6fa04333dfeb3eabcbc6,02-book-one/book-one-paradise-v3.pdf,already_present_exact_bytes
/the-final-decision.zip,historical_package_member,the-final-decision/02-book-one/book-one-paradise.md,ca6e0f154605c0c949d1d130eb8d93ce916182ba5e4e6411d8f51d09c23747b0,02-book-one/book-one-paradise.md,already_present_exact_bytes
/the-final-decision.zip,historical_package_member,the-final-decision/02-book-one/book-one-paradise.pdf,32c361ab265a3a6a8c3af2c609b6a9b5388dead511c891e9ce3db87bb7bfa976,02-book-one/book-one-paradise.pdf,already_present_exact_bytes
/the-final-decision.zip,historical_package_member,the-final-decision/03-screen/crossing-sequence.md,9f3d6a4db25ccc5d9e9c0010c44fa7c8eccd7559697ea3656c67eee9ddd5af9a,03-screen/crossing-sequence.md,already_present_exact_bytes
/the-final-decision.zip,historical_package_member,the-final-decision/03-screen/pilot-and-pitch.md,f6a2a35538a948c6e2d5207c8675d4a75c86102b4a8231f6d35ee4397ae58fc9,03-screen/pilot-and-pitch.md,already_present_exact_bytes
/the-final-decision.zip,historical_package_member,the-final-decision/04-characters/character-sheets.md,63d634fd05f7ebdfcc0dff687dee79aff5a41e9c1b4e6737e18bc9f25b14d84b,99-archive/pre-v4-reference/04-characters/character-sheets.md,already_present_exact_bytes
/the-final-decision.zip,historical_package_member,the-final-decision/05-art/laniakea-tree.png,9fe7c4268f25209f014bb3561ed78bebfb680ca2119da8ace99a6202241e4552,05-art/laniakea-tree.png,already_present_exact_bytes
/the-final-decision.zip,historical_package_member,the-final-decision/06-development-notes/README.md,d4dddc4a319f1903da469487efe2987160b95bccf3029f9a9370ddf632cdf769,99-archive/pre-v4-reference/06-development-notes/README.md,already_present_exact_bytes
/the-final-decision.zip,historical_package_member,the-final-decision/06-development-notes/author-clarifications-2026-09-22.md,e65a8b9534b92708897c557b27ec88c9d52c25b224bbbee8bdc74833d4147330,99-archive/pre-v4-reference/06-development-notes/author-clarifications-2026-09-22.md,already_present_exact_bytes
/the-final-decision.zip,historical_package_member,the-final-decision/06-development-notes/current-plot-summary-books-one-and-two.md,f97ff4c140c30dacb1d245c34e4a6175efe2f9adc35426130714eb091681e244,99-archive/pre-v4-reference/06-development-notes/current-plot-summary-books-one-and-two.md,already_present_exact_bytes
/the-final-decision.zip,historical_package_member,the-final-decision/06-development-notes/draft-1-editorial-review.md,fe41aa031d392bc21d97c14fb6ffbcc3254bfa9ee0e0ee2f3696707672c45cad,99-archive/pre-v4-reference/06-development-notes/draft-1-editorial-review.md,already_present_exact_bytes
/the-final-decision.zip,historical_package_member,the-final-decision/06-development-notes/plot-clarifications-and-mystery-boundaries-2026-09-22.md,fce115cb0e6592c45f24822df0a1403c1ae3acf797ff1b8013d77b27eeb9d6c6,99-archive/pre-v4-reference/06-development-notes/plot-clarifications-and-mystery-boundaries-2026-09-22.md,already_present_exact_bytes
/the-final-decision.zip,historical_package_member,the-final-decision/06-development-notes/provisional-design-notes-longevity-reality-ark.md,703822c4df1fc05f235b250571ac9220f9d8d6998dc0795599d16876f11d9b2d,99-archive/pre-v4-reference/06-development-notes/provisional-design-notes-longevity-reality-ark.md,already_present_exact_bytes
/the-final-decision.zip,historical_package_member,the-final-decision/06-development-notes/review-and-open-items-2026-09-22.md,201285f0d3afccf940d035902bca0d339cf459f563e38401f4f9c040b2913001,99-archive/pre-v4-reference/06-development-notes/review-and-open-items-2026-09-22.md,already_present_exact_bytes
/the-final-decision.zip,historical_package_member,the-final-decision/07-scene-workshop/book1-additions-per-chapter-2026-09-22.md,0029e2d304595aa2729418b464bb010e3f71c0d407526f234707c6538d0f2ad0,99-archive/pre-v4-reference/07-scene-workshop/book1-additions-per-chapter-2026-09-22.md,already_present_exact_bytes
/the-final-decision.zip,historical_package_member,the-final-decision/07-scene-workshop/paranoia-scenes-v1.md,3e61da610736951f5bcc98f6d45db67374b2c856c0a1facb5ba6da7e9395492b,99-archive/pre-v4-reference/07-scene-workshop/paranoia-scenes-v1.md,already_present_exact_bytes
/the-final-decision.zip,historical_package_member,the-final-decision/07-scene-workshop/structure-and-motifs-2026-09-22.md,7083de902931fe92afb45891bf09c0b2f37bc7b57ea269293f72f6302b62453e,99-archive/pre-v4-reference/07-scene-workshop/structure-and-motifs-2026-09-22.md,already_present_exact_bytes
/the-final-decision.zip,historical_package_member,the-final-decision/99-archive/2026-09-session-notes/author-clarifications-source-2026-09-22.md,c48dd07ac7f525002a40737b3e66ea5bd4ffcfe1cf031fd7954208a3d6b5b94c,99-archive/2026-09-session-notes/author-clarifications-source-2026-09-22.md,already_present_exact_bytes
/the-final-decision.zip,historical_package_member,the-final-decision/99-archive/2026-09-session-notes/longevity-daniel-lab-professions.md,6016ea1d3c85bc1c79195e4c613389c671d496ea442e05a67e43dfd58085b273,99-archive/2026-09-session-notes/longevity-daniel-lab-professions.md,already_present_exact_bytes
/the-final-decision.zip,historical_package_member,the-final-decision/99-archive/2026-09-session-notes/plot-clarifications-source-2026-09-22.md,311996579773f758355c33daf20fc6facd058af0e5e7d5aa6a534c37647e99dd,99-archive/2026-09-session-notes/plot-clarifications-source-2026-09-22.md,already_present_exact_bytes
/the-final-decision.zip,historical_package_member,the-final-decision/99-archive/2026-09-session-notes/reality-haven-ark-exploration.md,f4df4d4dbedcdfd06fde64057ff0c0c5c369a247eba30f78b7c9e2c24f2a4006,99-archive/2026-09-session-notes/reality-haven-ark-exploration.md,already_present_exact_bytes
/the-final-decision.zip,historical_package_member,the-final-decision/99-archive/master-working-doc.md,f76c48503d76cece3a8ceeab6a9b5af2798f946b23d403a91eb6c4b0653beedc,99-archive/master-working-doc.md,already_present_exact_bytes
/the-final-decision.zip,historical_package_member,the-final-decision/PROJECT-MERGE-MANIFEST.md,800771ef5d6f9c3e40a05d01674f05338de32e42c75b4c919ae905848bdaa939,99-archive/pre-v4-reference/PROJECT-MERGE-MANIFEST.md,already_present_exact_bytes
/the-final-decision.zip,historical_package_member,the-final-decision/README.md,1e15139d9041c0530995e9aafd74fcd74f9ee7fa5050bb7fcb9d5a43b332a576,99-archive/pre-v4-reference/README.md,already_present_exact_bytes
/the-final-decision-BOOK-ONE.md,standalone_document,,b507a838d3feca50909393c95495c230c5ddca24689b6aaf5dcbd721c6a20a13,99-archive/recovered-package-versions/source-05-the-final-decision/02-book-one/book-one-paradise.md,already_present_exact_bytes
/book-one-paradise-v3.pdf,standalone_document,,84c9f2bfeb9bd866c446e534b7a51e7c8429ddc9f45f6fa04333dfeb3eabcbc6,02-book-one/book-one-paradise-v3.pdf,already_present_exact_bytes
Pasted markdown (2).md,writing_block,,f4df4d4dbedcdfd06fde64057ff0c0c5c369a247eba30f78b7c9e2c24f2a4006,99-archive/2026-09-session-notes/reality-haven-ark-exploration.md,already_present_exact_bytes
Pasted markdown.md,writing_block,,6016ea1d3c85bc1c79195e4c613389c671d496ea442e05a67e43dfd58085b273,99-archive/2026-09-session-notes/longevity-daniel-lab-professions.md,already_present_exact_bytes
